Afghanistan|none|Kabul|https://www.facebook.com/groups/free.code.camp.kabul/
Albania|none|Tirana|https://www.facebook.com/groups/free.code.camp.tirana/
Algeria|none|Algiers|https://www.facebook.com/groups/free.code.camp.Algiers/
Algeria|none|Mansoura|https://www.facebook.com/groups/free.code.camp.mansoura/
Algeria|none|Oran|https://www.facebook.com/groups/free.code.camp.oran/
Angola|none|Luanda|https://www.facebook.com/groups/free.code.camp.luanda/
Argentina|none|Bahía Blanca|https://www.facebook.com/groups/freecodecampbahiablanca/
Argentina|none|Bariloche|https://www.facebook.com/groups/free.code.camp.bariloche/
Argentina|none|Buenos Aires|https://www.facebook.com/groups/free.code.camp.buenos.aires/
Argentina|none|Cordoba|https://www.facebook.com/groups/free.code.camp.cordoba/
Argentina|none|La Plata|https://www.facebook.com/groups/free.code.camp.la.plata/
Argentina|none|Mendoza|https://www.facebook.com/groups/free.code.camp.mendoza/
Argentina|none|Resistencia|https://www.facebook.com/groups/free.code.camp.resistencia/
Argentina|none|Rosario|https://www.facebook.com/groups/free.code.camp.rosario/
Armenia|none|Yerevan|https://www.facebook.com/groups/free.code.camp.armenia/
Australia|none|Adelaide|https://www.facebook.com/groups/free.code.camp.adelaide/
Australia|none|Bellingham|https://www.facebook.com/groups/free.code.camp.bellingham/
Australia|none|Brisbane|https://www.facebook.com/groups/free.code.camp.brisbane/
Australia|none|Canberra|https://www.facebook.com/groups/free.code.camp.canberra/
Australia|none|Geelong|https://www.facebook.com/groups/free.code.camp.Geelong.Australia/
Australia|none|Gold Coast|https://www.facebook.com/groups/free.code.camp.Gold.Coast/
Australia|none|Hobart|https://www.facebook.com/groups/free.code.camp.hobart/
Australia|none|Ipswich|https://www.facebook.com/groups/free.code.camp.ipswich.qld/
Australia|none|Maitland|https://www.facebook.com/groups/free.code.camp.maitland.au/
Australia|none|Melbourne|https://www.facebook.com/groups/free.code.camp.Melbourne/
Australia|none|Perth|https://www.facebook.com/groups/free.code.camp.perth/
Australia|none|Sydney|https://www.facebook.com/groups/free.code.camp.sydney.au/
Austria|none|Graz|https://www.facebook.com/groups/free.code.camp.graz/
Austria|none|Vienna|https://www.facebook.com/groups/free.code.camp.vienna.austria/
Azerbaijan|none|Baku|https://www.facebook.com/groups/free.code.camp.baku/
Bangladesh|none|Chittagong|https://www.facebook.com/groups/free.code.camp.ctg/
Bangladesh|none|Dhaka|https://www.facebook.com/groups/free.code.camp.dhaka/
Bangladesh|none|Rangpur|https://www.facebook.com/groups/free.code.camp.rangpur/
Belarus|none|Brest|https://www.facebook.com/groups/free.code.camp.brest/
Belarus|none|Gomel|https://www.facebook.com/groups/free.code.camp.gomel/
Belarus|none|Minsk|https://www.facebook.com/groups/free.code.camp.Minsk/
Belgium|none|Antwerp|https://www.facebook.com/groups/free.code.camp.antwerp/
Belgium|none|Brussels|https://www.facebook.com/groups/free.code.camp.brussels/
Belgium|none|Gent|https://www.facebook.com/groups/free.code.camp.gent/
Belgium|none|Leuven|https://www.facebook.com/groups/free.code.camp.leuven/
Belize|none|Belize City|https://www.facebook.com/groups/free.code.camp.belize.city/
Belize|none|Belize|https://www.facebook.com/groups/free.code.camp.belize/
Belize|none|Louisville|https://www.facebook.com/groups/free.code.camp.Louisville
Benin|none|Cotonou|https://www.facebook.com/groups/free.code.camp.cotonou/
Bermuda|none|Saint George|https://www.facebook.com/groups/free.code.camp.saint.george/
Bolivia|none|Sucre|https://www.facebook.com/groups/free.code.camp.Sucre/
Bolivia|none|La Paz|https://www.facebook.com/groups/free.code.camp.La.Paz/
Bolivia|none|Santa Cruz|https://www.facebook.com/groups/free.code.camp.SC/
Bosnia and Herzegovina|none|Banja Luka|https://www.facebook.com/groups/free.code.camp.banja.luka/
Bosnia and Herzegovina|none|Bijeljina|https://www.facebook.com/groups/free.code.camp.bijeljina/
Bosnia and Herzegovina|none|Mostar|https://www.facebook.com/groups/free.code.camp.mostar/
Bosnia and Herzegovina|none|Sarajevo|https://www.facebook.com/groups/free.code.camp.sarajevo
Bosnia and Herzegovina|none|Zenica|https://www.facebook.com/groups/free.code.camp.bih.zenica/
Brazil|none|Americana|https://www.facebook.com/groups/free.code.camp.americana/
Brazil|none|Apucarana|https://www.facebook.com/groups/free.code.camp.your.apucarana.parana/
Brazil|none|Araraquara|https://www.facebook.com/groups/free.code.camp.araraquara/
Brazil|none|Aracaju|https://www.facebook.com/groups/free.code.camp.aracaju/
Brazil|none|Balneario Camboriu|https://www.facebook.com/groups/free.code.camp.bc/
Brazil|none|Bauru|https://www.facebook.com/groups/free.code.camp.bauru/
Brazil|none|Belem|https://www.facebook.com/groups/free.code.camp.belem/
Brazil|none|Belo Horizonte|https://www.facebook.com/groups/free.code.camp.belo.horizonte/
Brazil|none|Blumenau|https://www.facebook.com/groups/free.code.camp.blumenau/
Brazil|none|Boa Vista|https://www.facebook.com/groups/free.code.camp.boa.vista/
Brazil|none|Brasilia|https://www.facebook.com/groups/free.code.camp.brasilia/
Brazil|none|Brotas|https://www.facebook.com/groups/free.code.camp.brotas.sp
Brazil|none|Campina Grande|https://www.facebook.com/groups/907676752679032/
Brazil|none|Campinas|https://www.facebook.com/groups/free.code.camp.campinas/
Brazil|none|Campo Grande|https://www.facebook.com/groups/768732203272622/
Brazil|none|Caruaru|https://www.facebook.com/groups/free.code.camp.caruaru/
Brazil|none|Caxias do Sul|https://www.facebook.com/groups/free.code.camp.caxias.do.sul/
Brazil|none|Chapeco|https://www.facebook.com/groups/free.code.camp.chapeco/
Brazil|none|Curitiba|https://www.facebook.com/groups/free.code.camp.curitiba/
Brazil|none|Engenheiro Coelho|https://www.facebook.com/groups/free.code.camp.engenheiro.coelho/
Brazil|none|Florianopolis|https://www.facebook.com/groups/free.code.camp.florianopolis/
Brazil|none|Fortaleza|https://www.facebook.com/groups/free.code.group.fortaleza/
Brazil|none|Franca|https://www.facebook.com/groups/free.code.camp.franca/
Brazil|none|Goiania|https://www.facebook.com/groups/free.code.camp.goiania/
Brazil|none|Guaratingueta|https://www.facebook.com/groups/free.code.camp.guaratingueta/
Brazil|none|Guarapuava|https://www.facebook.com/groups/free.code.camp.guarapuava/
Brazil|none|Itajuba|https://www.facebook.com/groups/free.code.camp.itajuba/
Brazil|none|Jacarei|https://www.facebook.com/groups/free.code.camp.sao.paulo.jacarei/
Brazil|none|Joao Pessoa|https://www.facebook.com/groups/free.code.camp.joao.pessoa/
Brazil|none|Joinville|https://www.facebook.com/groups/free.code.camp.joinville/
Brazil|none|Londrina|https://www.facebook.com/groups/free.code.camp.londrina/
Brazil|none|Lucas do Rio Verde|https://www.facebook.com/groups/1683221241966841/
Brazil|none|Maceió|https://www.facebook.com/groups/free.code.camp.alagoas/
Brazil|none|Mogi das Cruzes|https://www.facebook.com/groups/free.code.camp.mogidascruzes/
Brazil|none|Natal|https://www.facebook.com/groups/free.code.camp.natal
Brazil|none|Olinda|https://www.facebook.com/groups/free.code.camp.olinda/
Brazil|none|Ouro Fino|https://www.facebook.com/groups/free.code.camp.ouro.fino.mg/
Brazil|none|Porto Alegre|https://www.facebook.com/groups/free.code.camp.porto.alegre.rs/
Brazil|none|Recife|https://www.facebook.com/groups/free.code.camp.recife
Brazil|none|Riberão Preto|https://www.facebook.com/groups/fcc.ribeiraopreto/
Brazil|none|Rio de Janeiro|https://www.facebook.com/groups/free.code.camp.rio.de.janeiro/
Brazil|none|Salvador|https://www.facebook.com/groups/free.code.camp.salvador/
Brazil|none|Santos|https://www.facebook.com/groups/free.code.camp.santos
Brazil|none|Sao Carlos|https://www.facebook.com/groups/free.code.camp.sao.carlos
Brazil|none|Sao Joao da Boa Vista|https://www.facebook.com/groups/free.code.camp.sao.joao.da.boa.vista/
Brazil|none|Sao Jose dos Campos|https://www.facebook.com/groups/free.code.camp.sjc/
Brazil|none|Sao Paulo|https://www.facebook.com/groups/free.code.camp.sao.paulo/
Brazil|none|Sorocaba|https://www.facebook.com/groups/free.code.camp.sorocaba.sp/
Brazil|none|Teresina|https://www.facebook.com/groups/free.code.camp.teresina.piaui/
Brazil|none|Uberlandia|https://www.facebook.com/groups/free.code.camp.uberlandia/
Brazil|none|Vitória|https://www.facebook.com/groups/free.code.camp.vitoria.e.regiao.metropolitana.es/
Brunei|none|Bandar Seri Begawan|https://www.facebook.com/groups/free.code.camp.brunei.darussalam/
Bulgaria|none|Sofia|https://www.facebook.com/groups/free.code.camp.sofia/
Bulgaria|none|Varna|https://www.facebook.com/groups/free.code.camp.varna
Cambodia|none|Phnom Penh|https://www.facebook.com/groups/free.code.camp.phnompenh.cambodia/
Cameroon|none|Yaounde|https://www.facebook.com/groups/free.code.camp.yaounde
Cameroon|none|Douala|https://www.facebook.com/groups/free.code.camp.douala/
Cameroon|none|Dschang|https://www.facebook.com/groups/free.code.camp.dschang/
Canada|Alberta|Calgary|https://www.facebook.com/groups/free.code.camp.calgary/
Canada|Alberta|Canmore|https://www.facebook.com/groups/free.code.camp.Canmore.Alberta/
Canada|Alberta|Edmonton|https://www.facebook.com/groups/free.code.camp.edmonton/
Canada|British Columbia|Abbotsford|https://www.facebook.com/groups/free.code.camp.abbotsford/
Canada|British Columbia|Fort St. John|https://www.facebook.com/groups/free.code.camp.fort.st.john/
Canada|British Columbia|Hazelton|https://www.facebook.com/groups/free.code.camp.hazelton.britishcolumbia/
Canada|British Columbia|Kelowna|https://www.facebook.com/groups/free.code.camp.kelowna/
Canada|British Columbia|Nelson|https://www.facebook.com/groups/free.code.camp.nelson.bc/
Canada|British Columbia|New Westminster|https://www.facebook.com/groups/free.code.camp.new.westminster/
Canada|British Columbia|Prince George|https://www.facebook.com/groups/free.code.camp.princegeorge/
Canada|British Columbia|Surrey|https://www.facebook.com/groups/free.code.camp.surrey/
Canada|British Columbia|Vancouver|https://www.facebook.com/groups/free.code.camp.vancouver.bc.canada/
Canada|British Columbia|Victoria|https://www.facebook.com/groups/free.code.camp.victoria.bc.canada/
Canada|Manitoba|Winnipeg|https://www.facebook.com/groups/free.code.camp.winnipeg/
Canada|New Brunswick|Fredericton|https://www.facebook.com/groups/free.code.camp.Fredericton/
Canada|New Brunswick|Moncton|https://www.facebook.com/groups/free.code.camp.Moncton/
Canada|New Foundland|St. John's|https://www.facebook.com/groups/free.code.camp.st.johns/
Canada|Nova Scotia|Halifax|https://www.facebook.com/groups/free.code.camp.halifax/
Canada|Nova Scotia|Sydney|https://www.facebook.com/groups/free.code.camp.sydney.ns/
Canada|Ontario|Barrie|https://www.facebook.com/groups/free.code.camp.Barrie.Ontario/
Canada|Ontario|Cambridge|https://www.facebook.com/groups/free.code.camp.Cambridge.ON.Canada/
Canada|Ontario|Hamilton|https://www.facebook.com/groups/free.code.camp.hamilton/
Canada|Ontario|Kingston|https://www.facebook.com/groups/free.code.camp.kingston.ontario/
Canada|Ontario|London|https://www.facebook.com/groups/free.code.camp.london.on/
Canada|Ontario|Mississauga|https://www.facebook.com/groups/free.code.camp.sauga
Canada|Ontario|North Bay|https://www.facebook.com/groups/free.code.camp.north.bay/
Canada|Ontario|North York|https://www.facebook.com/groups/free.code.camp.north.york/
Canada|Ontario|Ottawa|https://www.facebook.com/groups/free.code.camp.ottawa/
Canada|Ontario|Owen Sound|https://www.facebook.com/groups/free.code.camp.owen.sound
Canada|Ontario|Peterborough|https://www.facebook.com/groups/free.code.camp.peterborough/
Canada|Ontario|Scarborough|https://www.facebook.com/groups/free.code.camp.scarborough/
Canada|Ontario|Toronto|https://www.facebook.com/groups/free.code.camp.to/
Canada|Prince Edward Island|Charlottetown|https://www.facebook.com/groups/free.code.camp.charlottetown/
Canada|Saskatchewan|Moose Jaw|https://www.facebook.com/groups/free.code.camp.moosejaw/
Canada|Québec|Montreal|https://www.facebook.com/groups/free.code.camp.montreal/
Canada|Québec|Québec|https://www.facebook.com/groups/free.code.camp.quebec.city/
Chile|none|Santiago|https://www.facebook.com/groups/free.code.camp.santiago/
Chile|none|Valdivia|https://www.facebook.com/groups/free.code.camp.valdivia/
Chile|none|Valparaiso|https://www.facebook.com/groups/free.code.camp.valparaiso/
China|none|Beijing|https://www.facebook.com/groups/free.code.camp.beijing/
China|none|Changchun|https://www.facebook.com/groups/free.code.camp.changchun/
China|none|Changsha|https://www.facebook.com/groups/free.code.camp.changsha/
China|none|Chengdu|https://www.facebook.com/groups/free.code.camp.chengdu/
China|none|Chongqing|https://www.facebook.com/groups/free.code.camp.chongqing/
China|none|Guangzhou|https://www.facebook.com/groups/free.code.camp.guangzhou/
China|none|Hangzhou|https://www.facebook.com/groups/free.code.camp.hangzhou/
China|none|Jincheng|https://www.facebook.com/groups/free.code.camp.jincheng/
China|none|Kunming|https://www.facebook.com/groups/free.code.camp.kunming/
China|none|Linyi|https://www.facebook.com/groups/free.code.camp.Linyi/
China|none|Nanjing|https://www.facebook.com/groups/free.code.camp.nanjing/
China|none|Shanghai|https://www.facebook.com/groups/963661723712718/
China|none|Shenzhen|https://www.facebook.com/groups/free.code.camp.shenzhen/
China|none|Shijiazhuang|https://www.facebook.com/groups/free.code.camp.shijiazhuang/
China|none|Suzhou|https://www.facebook.com/groups/free.code.camp.suzhou/
China|none|Tianjin|https://www.facebook.com/groups/free.code.camp.Tianjin/
China|none|Wuhan|https://www.facebook.com/groups/free.code.camp.wuhan/
China|none|Xi'an|https://www.facebook.com/groups/free.code.camp.xian/
China|none|Xiamen|https://www.facebook.com/groups/free.code.camp.xiamen/
China|none|Zhengzhou|https://www.facebook.com/groups/free.code.camp.zhengzhou/
Colombia|none|Barranquilla|https://www.facebook.com/groups/free.code.camp.barranquilla.co/
Colombia|none|Bogota|https://www.facebook.com/groups/free.code.camp.bogota/
Colombia|none|Bucaramanga|https://www.facebook.com/groups/free.code.camp.bucaramanga/
Colombia|none|Cali|https://www.facebook.com/groups/free.code.camp.cali/
Colombia|none|Manizales|https://www.facebook.com/groups/free.code.camp.manizales/
Colombia|none|Medellin|https://www.facebook.com/groups/free.code.camp.Medellin.col/
Colombia|none|Pasto|https://www.facebook.com/groups/free.code.camp.pasto/
Colombia|none|Popayan|https://www.facebook.com/groups/free.code.camp.popayan/
Colombia|none|Riohacha|https://www.facebook.com/groups/free.code.camp.riohacha/
Colombia|none|Quibdo|https://www.facebook.com/groups/free.code.camp.quibdo/
Costa Rica|none|San Jose|https://www.facebook.com/groups/free.code.camp.san.jose.costa.rica/
Costa Rica|none|San Pedro|https://www.facebook.com/groups/free.code.camp.costa.rica.san.pedro/
Croatia|none|Dubrovnik|https://www.facebook.com/groups/free.code.camp.dubrovnik/
Croatia|none|Karlovac|https://www.facebook.com/groups/free.code.camp.karlovac/
Croatia|none|Rijeka|https://www.facebook.com/groups/542662595902378/
Croatia|none|Varazdin|https://www.facebook.com/groups/free.code.camp.varazdin
Croatia|none|Zagreb|https://www.facebook.com/groups/free.code.camp.zagreb/
Cuba|none|Havana|https://www.facebook.com/groups/free.code.camp.havana/
Cyprus|none|Limassol|https://www.facebook.com/groups/free.code.camp.limassol/
Cyprus|none|Nicosia|https://www.facebook.com/groups/free.code.camp.nicosia/
Czech Republic|none|Brno|https://www.facebook.com/groups/free.code.camp.brno/
Czech Republic|none|Ostrava|https://www.facebook.com/groups/free.code.camp.ostrava/
Czech Republic|none|Prague|https://www.facebook.com/groups/free.code.camp.prague/
Czech Republic|none|Znojmo|https://www.facebook.com/groups/free.code.camp.znojmo/
Denmark|none|Aarhus|https://www.facebook.com/groups/FreeCodeCampAarhus
Denmark|none|Copenhagen|https://www.facebook.com/groups/fre.code.camp.copemhagen/
Denmark|none|Hostelbro|https://www.facebook.com/groups/Free.Code.Camp.Holstebro/
Denmark|none|Odense|https://www.facebook.com/groups/free.code.camp.odense/
Dominican Republic|none|Santo Domingo|https://www.facebook.com/groups/free.code.camp.dr/
Ecuador|none|Cuenca|https://www.facebook.com/groups/free.code.camp.cuenca/
Ecuador|none|Guayaquil|https://www.facebook.com/groups/free.code.camp.guayaqui.ecuador/
Ecuador|none|Quito|https://www.facebook.com/groups/free.code.camp.quito/
Egypt|none|Al-Mansoura|https://www.facebook.com/groups/free.code.camp.almansoura/
Egypt|none|Alexandria|https://www.facebook.com/groups/free.code.camp.alex/
Egypt|none|Cairo|https://www.facebook.com/groups/free.code.camp.cairo/
Egypt|none|Asyut|https://www.facebook.com/groups/free.code.camp.assiut/
Egypt|none|Tanta|https://www.facebook.com/groups/free.code.camp.tanta/
England|none|Bedford|https://www.facebook.com/groups/free.code.camp.bedford/
England|none|Birmingham|https://www.facebook.com/groups/free.code.camp.birmingham.uk/
England|none|Brighton|https://www.facebook.com/groups/free.code.camp.brighton/
England|none|Bristol|https://www.facebook.com/groups/free.code.camp.bristol.uk/
England|none|Bury St Edmunds|https://www.facebook.com/groups/free.code.camp.Bury.St.Edmunds/
England|none|Cambridge|https://www.facebook.com/groups/free.code.camp.cambridge/
England|none|Cheltenham|https://www.facebook.com/groups/free.code.camp.cheltenham/
England|none|Chester|https://www.facebook.com/groups/free.code.camp.chester
England|none|Coventry|https://www.facebook.com/groups/free.code.camp.coventry/
England|none|Derby|https://www.facebook.com/groups/free.code.camp.derby/
England|none|Exeter|https://www.facebook.com/groups/free.code.camp.exeter.uk/
England|none|Guildford|https://www.facebook.com/groups/free.code.camp.guildford/
England|none|Hove|https://www.facebook.com/groups/free.code.camp.hove
England|none|Huddersfield|https://www.facebook.com/groups/free.code.camp.huddersfield/
England|none|Hull|https://www.facebook.com/groups/free.code.camp.hull/
England|none|Kent|https://www.facebook.com/groups/free.code.camp.kent/
England|none|Kingston upon Hull|https://www.facebook.com/groups/free.code.camp.kingston.upon.hull/
England|none|Leeds|https://www.facebook.com/groups/free.code.camp.leeds/
England|none|Liverpool|https://www.facebook.com/groups/free.code.camp.liverpool/
England|none|London|https://www.facebook.com/groups/free.code.camp.london/
England|none|Manchester|https://www.facebook.com/groups/free.code.camp.manchester/
England|none|Milton Keynes|https://www.facebook.com/groups/free.code.camp.milton.keynes/
England|none|Newcastle|https://www.facebook.com/groups/free.code.camp.newcastle/
England|none|Northampton|https://www.facebook.com/groups/free.code.camp.northampton/
England|none|Nottingham|https://www.facebook.com/groups/free.code.camp.nottingham/
England|none|Reading|https://www.facebook.com/groups/free.code.camp.reading/
England|none|Salisbury|https://www.facebook.com/groups/free.code.camp.salisbury/
England|none|Sharqiyah|https://www.facebook.com/groups/free.code.camp.sharkia/
England|none|Sheffield|https://www.facebook.com/groups/free.code.camp.sheffield/
England|none|Southampton|https://www.facebook.com/groups/FCC.Southampton/
England|none|Stoke-on-Trent|https://www.facebook.com/groups/free.code.camp.stoke.on.trent/
England|none|Sunderland|https://www.facebook.com/groups/free.code.camp.sunderland.uk/
England|none|Telford|https://www.facebook.com/groups/free.code.camp.telford/
England|none|Warrington|https://www.facebook.com/groups/free.code.camp.warrington/
England|none|Wearside|https://www.facebook.com/groups/free.code.camp.sunderland.tyne.and.wear/
England|none|Welwyn + Hatfield|https://www.facebook.com/groups/free.code.camp.welwyn.hatfield/
England|none|Worcester|https://www.facebook.com/groups/free.code.camp.worcester/
England|none|York|https://www.facebook.com/groups/free.code.camp.york/
Estonia|none|Tallinn|https://www.facebook.com/groups/free.code.camp.tallinn/
Ethiopia|none|Addis Ababa|https://www.facebook.com/groups/free.code.camp.addis.abeba/
Ethiopia|none|Nazareth|https://www.facebook.com/groups/Free.Code.Camp.Nazareth.Israel/
Fiji|none|Suva|https://www.facebook.com/groups/free.code.camp.suva/
Finland|none|Helsinki|https://www.facebook.com/groups/free.code.camp.helsinki/
Finland|none|Jyväskylä|https://www.facebook.com/groups/free.code.camp.jyvaskyla/
Finland|none|Kuopio|https://www.facebook.com/groups/free.code.camp.kuopio/
Finland|none|Lappeenranta|https://www.facebook.com/groups/free.code.camp.lappeenranta/
Finland|none|Oulu|https://www.facebook.com/groups/free.code.camp.finland.oulu/
Finland|none|Tampere|https://www.facebook.com/groups/Free.Code.Camp.Tampere/
Finland|none|Turku|https://www.facebook.com/groups/free.code.camp.turku/
Finland|none|Vaasa|https://www.facebook.com/groups/free.code.camp.vaasa/
France|none|Bordeaux|https://www.facebook.com/groups/free.code.camp.your.city.Bordeaux/
France|none|Dax|https://www.facebook.com/groups/509612812554265/
France|none|Grenoble|https://www.facebook.com/groups/free.code.camp.grenoble/
France|none|Lille|https://www.facebook.com/groups/free.code.camp.lille/
France|none|Lyon|https://www.facebook.com/groups/free.code.camp.lyon/
France|none|Macon|https://www.facebook.com/groups/free.code.camp.macon/
France|none|Marseille|http://facebook.com/groups/free.code.camp.marseille
France|none|Montpellier|https://www.facebook.com/groups/free.code.camp.montpellier/
France|none|Nantes|https://www.facebook.com/groups/free.code.camp.nantes/
France|none|Nice|https://www.facebook.com/groups/Free.Code.Camp.Nice/
France|none|Paris|https://www.facebook.com/groups/free.code.camp.paris/
France|none|Poitiers|https://www.facebook.com/groups/free.code.camp.poitiers/
France|none|Toulouse|https://www.facebook.com/groups/free.code.camp.toulouse/
Georgia|none|Tbilisi|https://www.facebook.com/groups/free.code.camp.tbilisi/
Germany|none|Berlin|https://www.facebook.com/groups/free.code.camp.berlin/
Germany|none|Bodensee|https://www.facebook.com/groups/free.code.camp.bodensee/
Germany|none|Braunschweig|https://www.facebook.com/groups/free.code.camp.braunschweig/
Germany|none|Chemnitz|https://www.facebook.com/groups/free.code.camp.chemnitz/
Germany|none|Dresden|https://www.facebook.com/groups/766727883464168/
Germany|none|Düsseldorf|https://www.facebook.com/groups/free.code.camp.duesseldorf/
Germany|none|Flensburg|https://www.facebook.com/groups/free.code.camp.flensburg.germany/
Germany|none|Frankfurt|https://www.facebook.com/groups/free.code.camp.frankfurt.main/
Germany|none|Göttingen|https://www.facebook.com/groups/free.code.camp.goettingen/
Germany|none|Halle|https://www.facebook.com/groups/free.code.camp.halle.saale/
Germany|none|Hamburg|https://www.facebook.com/groups/free.code.camp.hamburg/
Germany|none|Hamm|https://www.facebook.com/groups/free.code.camp.hamm/
Germany|none|Hanover|https://www.facebook.com/groups/free.code.camp.hanover.germany/
Germany|none|Koblenz|https://www.facebook.com/groups/free.code.camp.koblenz/
Germany|none|Koeln|https://www.facebook.com/groups/free.code.camp.koeln/
Germany|none|Leipzig|https://www.facebook.com/groups/free.code.camp.leipzig/
Germany|none|Mönchengladbach|https://www.facebook.com/groups/free.code.camp.moenchengladbach/
Germany|none|Munich|https://www.facebook.com/groups/free.code.camp.munich/
Germany|none|Offenburg|https://www.facebook.com/groups/free.code.camp.offenburg/
Germany|none|Stuttgart|https://www.facebook.com/groups/free.code.camp.stuttgart/
Germany|none|Wuerzburg|https://www.facebook.com/groups/free.code.camp.wuerzburg/
Germany|none|Wuppertal|https://www.facebook.com/groups/free.code.camp.wuppertal/
Ghana|none|Accra|https://www.facebook.com/groups/free.code.camp.accra/
Greece|none|Alexandroupolis|https://www.facebook.com/groups/free.code.camp.alexandroupolis
Greece|none|Athens|https://www.facebook.com/groups/free.code.camp.athens.greece/
Greece|none|Patras|https://www.facebook.com/groups/free.code.camp.Patras/
Greece|none|Preveza|https://www.facebook.com/groups/free.code.camp.preveza/
Greece|none|Thessaloniki|https://www.facebook.com/groups/free.code.camp.thessaloniki/
Guinea|none|Conakry|https://www.facebook.com/groups/free.code.camp.conakry/
Guatemala|none|Guatemala City|https://www.facebook.com/groups/free.code.camp.guatemala/
Haiti|none|Port-au-Prince|https://www.facebook.com/groups/1123827534318839/
Honduras|none|Tegucigalpa|https://www.facebook.com/groups/free.code.camp.Honduras/
Hong Kong|none|Hong Kong|https://www.facebook.com/groups/free.code.camp.hk/
Hungary|none|Budapest|https://www.facebook.com/groups/free.code.camp.budapest/
Hungary|none|Szeged|https://www.facebook.com/groups/free.code.camp.szeged/
Iceland|none|Reykjavik|https://www.facebook.com/groups/free.code.camp.reykjavik/
India|Andhra Pradesh|Bapatla|https://www.facebook.com/groups/free.code.camp.bapatla/
India|Andhra Pradesh|Guntur|https://www.facebook.com/groups/free.code.camp.guntur/
India|Andhra Pradesh|Tirupathi|https://www.facebook.com/groups/free.code.camp.tirupathi/
India|Andhra Pradesh|Vijayawada|https://www.facebook.com/groups/free.code.camp.your.vijayawada/
India|Andhra Pradesh|Vizag|https://www.facebook.com/groups/free.code.camp.vizag/
India|Arunachal Pradesh|Itanagar|https://www.facebook.com/groups/free.code.camp.itanagar.arunachalpradesh/
India|Assam|Guwahati|https://www.facebook.com/groups/free.code.camp.guwahati/
India|Bihar|Muzaffarpur|https://www.facebook.com/groups/free.code.camp.muzaffarpur/
India|Bihar|Patna|http://www.facebook.com/groups/free.code.camp.patna
India|Chattisgarh|Raipur|https://www.facebook.com/groups/free.code.camp.raipur/
India|none|Delhi|https://www.facebook.com/groups/free.code.camp.delhi/
India|Gujarat|Ahmedabad|https://www.facebook.com/groups/free.code.camp.ahmedabad/
India|Gujarat|Jamnagar|https://www.facebook.com/groups/free.code.camp.jamnagar.guj.in/
India|Gujarat|Rajkot|https://www.facebook.com/groups/free.code.camp.rajkot/
India|Gujarat|Surat|https://www.facebook.com/groups/free.code.camp.surat
India|Gujarat|Vadodara|https://www.facebook.com/groups/free.code.camp.vadodara/
India|Gujarat|Veraval|https://www.facebook.com/groups/free.code.camp.veraval.gujarat/
India|none|Goa|https://www.facebook.com/groups/free.code.camp.goa/
India|Haryana|Faridabad|https://www.facebook.com/groups/free.code.camp.faridabad/
India|Haryana|Gurgaon|https://www.facebook.com/groups/free.code.camp.gurgaon/
India|Haryana|Noida|https://www.facebook.com/groups/free.code.camp.noida/
India|Himachal Pradesh|Shimla|https://www.facebook.com/groups/free.code.camp.shimla/
India|Jammu & Kashmir|Jammu|https://www.facebook.com/groups/free.code.camp.jammu1/
India|Jammu & Kashmir|Srinagar|https://www.facebook.com/groups/free.code.camp.srinagar/
India|Jharkhand|Dhanbad|https://www.facebook.com/groups/free.code.camp.Dhanbad/
India|Jharkhand|Ranchi|https://www.facebook.com/groups/free.code.camp.ranchi/
India|Karnataka|Bengaluru|https://www.facebook.com/groups/free.code.camp.bengaluru/
India|Karnataka|Mangalore|https://www.facebook.com/groups/free.code.camp.mangalore/
India|Karnataka|Mysore|https://www.facebook.com/groups/free.code.camp.mysore/
India|Kerala|Kannur|https://www.facebook.com/groups/free.code.camp.your.city.kannur/
India|Kerala|Kochi|https://www.facebook.com/groups/1542888942704307
India|Kerala|Kozhikode|https://www.facebook.com/groups/free.code.camp.kozhikode/
India|Kerala|Trivandrum|https://www.facebook.com/groups/freecodecamp.trivandrum/
India|Maharashtra|Aurangabad|https://www.facebook.com/groups/freecodecampauranagabad/
India|Maharashtra|Jalgaon|https://www.facebook.com/groups/free.code.camp.jalgaon/
India|Maharashtra|Mumbai|https://www.facebook.com/groups/frre.code.camp.mumbai/
India|Maharashtra|Nashik|https://www.facebook.com/groups/free.code.camp.your.nashik/
India|Maharashtra|Pune|https://www.facebook.com/groups/free.code.camp.pune/
India|Madhya Pradesh|Bhopal|https://www.facebook.com/groups/free.code.camp.bhopal/
India|Madhya Pradesh|Gwalior|https://www.facebook.com/groups/free.code.camp.Gwalior/
India|Madhya Pradesh|Indore|https://www.facebook.com/groups/free.code.camp.Indore/
India|Madhya Pradesh|Jabalpur|https://www.facebook.com/groups/free.code.camp.your.city.jabalpur/
India|Meghalaya|Shillong|https://www.facebook.com/groups/free.code.camp.shillong/
India|Orissa|Bhubaneswar|https://www.facebook.com/groups/free.code.camp.bhubaneswar/
India|Punjab|Chandigarh|https://www.facebook.com/groups/free.code.camp.chandigarh/
India|Punjab|Ludhiana|https://www.facebook.com/groups/free.code.camp.ludhiana.punjab/
India|Punjab|Patiala|https://www.facebook.com/groups/free.code.camp.patiala/
India|none|Pondicherry|https://www.facebook.com/groups/free.code.camp.pondicherry/
India|Rajasthan|Bikaner|https://www.facebook.com/groups/free.code.camp.bikaner/
India|Rajasthan|Jaipur|https://www.facebook.com/groups/free.code.camp.jaipur/
India|Tamil Nadu|Chennai|https://www.facebook.com/groups/free.code.camp.chennai/
India|Tamil Nadu|Coimbatore|https://www.facebook.com/groups/free.code.camp.coimbatore
India|Tamil Nadu|Salem|https://www.facebook.com/groups/free.code.camp.salem/
India|Tamil Nadu|Tirupur|https://www.facebook.com/groups/free.code.camp.tirupur/
India|Telengana|Hyderabad|https://www.facebook.com/groups/free.code.camp.hyderabad/
India|Uttar Pradesh|Aligarh|https://www.facebook.com/groups/1622011571406263/
India|Uttar Pradesh|Allahabad|https://www.facebook.com/groups/free.code.camp.allahabad/
India|Uttar Pradesh|Amethi|https://www.facebook.com/groups/code.camp.amethi/
India|Uttar Pradesh|Dharwad|https://www.facebook.com/groups/free.code.camp.dharwad/
India|Uttar Pradesh|Lucknow|https://www.facebook.com/groups/1647602228815736/
India|Uttar Pradesh|Varanasi|https://www.facebook.com/groups/free.code.camp.varanasi/
India|Uttarakhand|Dehra Dun|https://www.facebook.com/groups/free.code.camp.dehradun/
India|Uttarakhand|Roorke|https://www.facebook.com/groups/542330719257663/
India|West Bengal|Koch Bihar|https://www.facebook.com/groups/Free.Code.Camp.KochBihar/
India|West Bengal|Kolkata|https://www.facebook.com/groups/free.code.camp.kolkata/
India|West Bengal|Siliguri|https://www.facebook.com/groups/free.code.camp.siliguri/
Indonesia|none|Bali|https://www.facebook.com/groups/free.code.camp.bali/
Indonesia|none|Bandung|https://www.facebook.com/groups/free.code.camp.bandung/
Indonesia|none|Jakarta|https://www.facebook.com/groups/free.code.camp.jakarta/
Indonesia|none|Kediri|https://www.facebook.com/groups/free.code.camp.kediri/
Indonesia|none|Lampung|https://www.facebook.com/groups/free.code.camp.bandar.lampung/
Indonesia|none|Manado|https://www.facebook.com/groups/free.code.camp.manado/
Indonesia|none|Medan|https://www.facebook.com/groups/free.code.camp.medan/
Indonesia|none|Nusajaya|https://www.facebook.com/groups/free.code.camp.nusajaya.malaysia//
Indonesia|none|Ponorogo|https://www.facebook.com/groups/free.code.camp.ponorogo
Indonesia|none|Sidoarjo|https://www.facebook.com/groups/free.code.camp.sidoarjo/
Indonesia|none|Solo|https://www.facebook.com/groups/free.code.camp.solo/
Indonesia|none|Surabaya|https://www.facebook.com/groups/free.code.camp.surabaya.new/
Indonesia|none|Yogyakarta|https://www.facebook.com/groups/free.code.camp.yogyakarta/
Iran|none|Isfahan|https://www.facebook.com/groups/free.code.camp.isfahan/
Iran|none|Tabriz|https://www.facebook.com/groups/free.code.camp.tabriz/
Iran|none|Tehran|https://www.facebook.com/groups/free.code.camp.tehran/
Iran|none|Masshad|https://www.facebook.com/groups/free.code.camp.mashhad/
Iraq|none|Baghdad|https://www.facebook.com/groups/free.code.camp.baghdad/
Ireland|none|Clonmel|https://www.facebook.com/groups/free.code.camp.clonmel.ireland/
Ireland|none|Cork|https://www.facebook.com/groups/free.code.camp.cork.ireland/
Ireland|none|Dublin|https://www.facebook.com/groups/free.code.camp.dublin/
Ireland|none|Waterford|https://www.facebook.com/groups/free.code.camp.waterford/
Israel|none|Haifa|https://www.facebook.com/groups/free.code.camp.Haifa/
Israel|none|Jerusalem|https://www.facebook.com/groups/free.code.camp.jerusalem/
Israel|none|Pnei Kedem|https://www.facebook.com/groups/free.code.camp.pneikedem/
Israel|none|Tel Aviv|https://www.facebook.com/groups/free.code.camp.Tel.Aviv/
Italy|none|Cagliari|https://www.facebook.com/groups/free.code.camp.cagliari/
Italy|none|Camerino|https://www.facebook.com/groups/free.code.camp.camerino
Italy|none|Catania|https://www.facebook.com/groups/free.code.camp.catania/
Italy|none|Firenze|https://www.facebook.com/groups/free.code.camp.firenze/
Italy|none|Lecce|https://www.facebook.com/groups/free.code.camp.lecce/
Italy|none|Milan|https://www.facebook.com/groups/free.code.camp.milan/
Italy|none|Napoli|https://www.facebook.com/groups/free.code.camp.napoli
Italy|none|Palermo|https://www.facebook.com/groups/free.code.camp.palermo/
Italy|none|Parma|https://www.facebook.com/groups/free.code.camp.parma/
Italy|none|Pavia|https://www.facebook.com/groups/free.code.camp.pavia
Italy|none|Perugia|https://www.facebook.com/groups/free.code.camp.perugia.it/
Italy|none|Roma|https://www.facebook.com/groups/free.code.camp.roma/
Italy|none|Siena|https://www.facebook.com/groups/free.code.camp.siena/
Italy|none|Torino|https://www.facebook.com/groups/free.code.camp.torino/
Jamaica|none|Kingston|https://www.facebook.com/groups/free.code.camp.kingston.jamaica/
Japan|none|Osaka|https://www.facebook.com/groups/free.code.camp.osaka/
Japan|none|Sasebo|https://www.facebook.com/groups/free.code.camp.sasebo/
Japan|none|Tokyo|https://www.facebook.com/groups/free.code.camp.tokyo/
Japan|none|Tsukuba|https://www.facebook.com/groups/free.code.camp.tsukuba/
Jordan|none|Amman|https://www.facebook.com/groups/free.code.camp.amman/
Kazakhstan|none|Almaty|https://www.facebook.com/groups/free.code.camp.Almaty/
Kazakhstan|none|Astana|https://www.facebook.com/groups/free.code.camp.astana/
Kazakhstan|none|Kulsary|https://www.facebook.com/groups/free.code.camp.kulsary/
Kenya|none|Kisumu|https://www.facebook.com/groups/free.code.camp.Kisumu/
Kenya|none|Mombasa|https://www.facebook.com/groups/free.code.camp.mombasa/
Kenya|none|Nairobi|https://www.facebook.com/groups/free.code.camp.nairobi/
Kosovo|none|Ferizaj|https://www.facebook.com/groups/free.code.camp.ferizaj/
Kosovo|none|Pristina|https://www.facebook.com/groups/free.code.camp.pristina/
Kuwait|none|Kuwait City|https://www.facebook.com/groups/free.code.camp.kuwait.city/
Kyrgyzstan|none|Bishkek|https://www.facebook.com/groups/free.code.camp.bishkek/
Latvia|none|Riga|https://www.facebook.com/groups/free.code.camp.riga/
Lebanon|none|Beirut|https://www.facebook.com/groups/free.code.camp.beirut/
Lesotho|none|Maseru|https://www.facebook.com/groups/free.code.camp.maseru/
Lithuania|none|Vilnius|https://www.facebook.com/groups/free.code.camp.vilnius.lt/
Libya|none|Tripoli|https://www.facebook.com/groups/free.code.camp.Tripoli.Libya/
Luxembourg|none|Luxembourg|https://www.facebook.com/groups/free.code.camp.luxembourg/
Macedonia|none|Skopje|https://www.facebook.com/groups/free.code.camp.skopje/
Macedonia|none|Struga|https://www.facebook.com/groups/free.code.camp.struga/
Macedonia|none|Strumica|https://www.facebook.com/groups/free.code.camp.strumica/
Madagascar|none|Antananarivo|https://www.facebook.com/groups/free.code.camp.antananarivo/
Malaysia|none|Johor|https://www.facebook.com/groups/free.code.camp.nusajaya.malaysia/
Malaysia|none|Kota Bharu|https://www.facebook.com/groups/free.code.camp.kotabharu.malaysia/
Malaysia|none|Kota Kinabalu|https://www.facebook.com/groups/Free.code.camp.KK.Sabah/
Malaysia|none|Kuala Lumpur|https://www.facebook.com/groups/free.code.camp.malaysia.kl/
Malaysia|none|Kuching|https://www.facebook.com/groups/free.code.camp.kuching/
Malaysia|none|Penang|https://www.facebook.com/groups/free.code.camp.penang/
Malaysia|none|Perlis|https://www.facebook.com/groups/free.code.camp.perlis.malaysia
Malaysia|none|Taiping|https://www.facebook.com/groups/free.code.camp.taiping/
Maldives|none|Male|https://www.facebook.com/groups/freecodemv/
Mauritius|none|Port Louis|https://www.facebook.com/groups/free.code.camp.port.louis/
Mexico|none|Acapulco|https://www.facebook.com/groups/free.code.camp.acapulco/
Mexico|none|Ciudad Juárez|https://www.facebook.com/groups/free.code.camp.juarezchi/
Mexico|none|Ciudad Obregón|https://www.facebook.com/groups/free.code.camp.cd.obregon/
Mexico|none|Coatzacoalcos|https://www.facebook.com/groups/free.code.camp.coatzacoalcos/
Mexico|none|Culiacán|https://www.facebook.com/groups/free.code.camp.culiacan/
Mexico|none|Durango|https://www.facebook.com/groups/free.code.camp.durango/
Mexico|none|Guadalajara|https://www.facebook.com/groups/fcc.guadalajara
Mexico|none|Guanajuato|https://www.facebook.com/groups/free.code.camp.guanajuato/
Mexico|none|Hermosillo|https://www.facebook.com/groups/free.code.camp.Hermosillo/
Mexico|none|La Paz|https://www.facebook.com/groups/free.code.camp.lapaz.mx/
Mexico|none|León|https://www.facebook.com/groups/free.code.camp.leon.gt/
Mexico|none|Mexico City|https://www.facebook.com/groups/free.code.camp.mexico.df/
Mexico|none|Monterrey|https://www.facebook.com/groups/free.code.camp.monterrey/
Mexico|none|Morelos|https://www.facebook.com/groups/free.code.camp.morelos.mx/
Mexico|none|Pachuca|https://www.facebook.com/groups/free.code.camp.pachuca/
Mexico|none|Puebla|https://www.facebook.com/groups/free.code.camp.pueblaMX/
Mexico|none|Puerto Vallarta|https://www.facebook.com/groups/free.code.camp.puerto.vallarta/
Mexico|none|San Luís Potosí|https://www.facebook.com/groups/free.code.camp.san.luis.potosi/
Mexico|none|Santiago de Querétaro|https://www.facebook.com/groups/free.code.camp.santiago.de.queretaro/
Mexico|none|Tapachula|https://www.facebook.com/groups/free.code.camp.tapachula/
Mexico|none|Tijuana|https://www.facebook.com/groups/free.code.camp.tijuana/
Mexico|none|Torreón|https://www.facebook.com/groups/free.code.camp.torreon/
Mexico|none|Tuxtla Gutiérrez|https://www.facebook.com/groups/free.code.camp.tuxtla.gutierrez/
Mexico|none|Villahermosa|https://www.facebook.com/groups/free.code.camp.tabasco/
Mexico|none|Zacatecas|https://www.facebook.com/groups/free.code.camp.zacatecas/
Moldova|none|Balti|https://www.facebook.com/groups/free.code.camp.balti/
Moldova|none|Chisinau|https://www.facebook.com/groups/free.code.camp.Chisinau/
Moldova|none|Tiraspol|https://www.facebook.com/groups/free.code.camp.tiraspol/
Mongolia|none|Ulaanbaatar|https://www.facebook.com/groups/free.code.camp.your.ulaanbaatar/
Montenegro|none|Tivat|https://www.facebook.com/groups/free.code.camp.tivat.montenegro/
Morocco|none|Casablanca|https://www.facebook.com/groups/free.code.camp.casablanca/
Morocco|none|Marrakesh|https://www.facebook.com/groups/free.code.camp.marrakesh/
Morocco|none|Rabat|https://www.facebook.com/groups/965419830196366/
Mozambique|none|Maputo|https://www.facebook.com/groups/free.code.camp.maputo/
Myanmar [Burma]|none|Mandalay|https://www.facebook.com/groups/free.code.camp.mandalay
Myanmar [Burma]|none|Meiktila|https://www.facebook.com/groups/free.code.camp.meiktila/
Myanmar [Burma]|none|Yangon|https://www.facebook.com/groups/free.code.camp.myanmar/
Namibia|none|Windhoek|https://www.facebook.com/groups/free.code.camp.windhoek/
Nepal|none|Bhaktapur|https://www.facebook.com/groups/free.code.camp.bhaktapur/
Nepal|none|Bhimdattanagar|https://www.facebook.com/groups/free.code.camp.bhimdattanagar/
Nepal|none|Biratnagar|https://www.facebook.com/groups/free.code.camp.biratnagar/
Nepal|none|Dhangadi|https://www.facebook.com/groups/free.code.camp.dhangadhi/
Nepal|none|Kathmandu|https://www.facebook.com/groups/free.code.camp.kathmandu/
Netherlands|none|Almere|https://www.facebook.com/groups/free.code.camp.almere.netherlands/
Netherlands|none|Amsterdam|https://www.facebook.com/groups/free.code.camp.amsterdam/
Netherlands|none|Arnhem|https://www.facebook.com/groups/free.code.camp.arnhem/
Netherlands|none|Breda|https://www.facebook.com/groups/free.code.camp.breda/
Netherlands|none|Enschede|https://www.facebook.com/groups/free.code.camp.enschede
Netherlands|none|Gouda|https://www.facebook.com/groups/free.code.camp.gouda/
Netherlands|none|Groningen|https://www.facebook.com/groups/free.code.camp.groningen/
Netherlands|none|Rotterdam|https://www.facebook.com/groups/free.code.camp.rotterdam/
Netherlands|none|Sittard|https://www.facebook.com/groups/free.code.camp.sittard/
Netherlands|none|The Hague|https://www.facebook.com/groups/free.code.camp.the.hague/
New Zealand|none|Auckland|https://www.facebook.com/groups/awesome.code.camp/
New Zealand|none|Christchurch|https://www.facebook.com/groups/free.code.camp.christchurch/
New Zealand|none|Hamilton|https://www.facebook.com/groups/free.code.camp.hamilton.nz/
New Zealand|none|Masterton|https://www.facebook.com/groups/free.code.camp.masterton/
New Zealand|none|Palmerston North|https://www.facebook.com/groups/free.code.camp.palmerston.north/
New Zealand|none|Richmond|https://www.facebook.com/groups/free.code.camp.richmond/
New Zealand|none|Wellington|https://www.facebook.com/groups/free.code.camp.wellington.nz/
Nicaragua|none|Granada|https://www.facebook.com/groups/free.code.camp.granada/
Nicaragua|none|Managua|https://www.facebook.com/groups/free.code.camp.managua/
Nigeria|none|Abuja|https://www.facebook.com/groups/abuja.free.code.camp/
Nigeria|none|Calabar|https://www.facebook.com/groups/free.code.camp.calabar/
Nigeria|none|Dutse|https://www.facebook.com/groups/free.code.camp.dutse.jigawa/
Nigeria|none|Ibadan|https://www.facebook.com/groups/free.code.camp.Ibadan/
Nigeria|none|Kaduna|https://www.facebook.com/groups/free.code.camp.kaduna/
Nigeria|none|Lagos|https://www.facebook.com/groups/free.code.camp.lagos/
Nigeria|none|Ondo|https://web.facebook.com/groups/free.code.camp.ondo/
Nigeria|none|Port Harcourt|https://www.facebook.com/groups/free.code.camp.port.harcourt/
Nigeria|none|Sokoto|https://www.facebook.com/groups/free.code.camp.sokoto/
Northern Ireland|none|Belfast|https://www.facebook.com/groups/free.code.camp.belfast.UK/
Norway|none|Bergen|https://www.facebook.com/groups/free.code.camp.Bergen/
Norway|none|Kristiansand|https://www.facebook.com/groups/free.code.camp.kristiansand/
Norway|none|Sandefjord|https://www.facebook.com/groups/Free.Code.Camp.Sandefjord/
Norway|none|Stavanger|https://www.facebook.com/groups/free.code.camp.stavanger/
Norway|none|Trondheim|https://www.facebook.com/groups/free.code.camp.trondheim/
Oman|none|Muscat|https://www.facebook.com/groups/free.code.camp.muscat/
Pakistan|none|Bannu|https://www.facebook.com/groups/free.code.camp.bannu/
Pakistan|none|Gujrat City|https://www.facebook.com/groups/free.code.camp.gujrat/
Pakistan|none|Islamabad|https://www.facebook.com/groups/free.code.camp.islamabad/
Pakistan|none|Karachi|https://www.facebook.com/groups/free.code.camp.karachi/
Pakistan|none|Lahore|https://www.facebook.com/groups/free.code.camp.lahore/
Pakistan|none|Mianwali|https://www.facebook.com/groups/free.code.camp.mianwali/
Pakistan|none|Multan|https://www.facebook.com/groups/free.code.camp.multan
Pakistan|none|Peshawar|https://www.facebook.com/groups/free.code.camp.Peshawar/
Pakistan|none|Quetta|https://www.facebook.com/groups/free.code.camp.quetta
Pakistan|none|Rawalpindi|https://www.facebook.com/groups/free.code.camp.rawalpindi/
Pakistan|none|Sahiwal|https://www.facebook.com/groups/1505677729748974/
Pakistan|none|Sialkot|https://www.facebook.com/groups/free.code.camp.sialkot/
Palestine|none|Gaza|https://www.facebook.com/groups/free.code.camp.gaza/
Palestine|none|Ramallah|https://www.facebook.com/groups/free.code.camp.ramallah/
Panama|none|Panama City|https://www.facebook.com/groups/free.code.camp.panama.city
Papua New Guinea|none|Lae|https://www.facebook.com/groups/free.code.camp.papua.new.guinea.lae/
Paraguay|none|Asuncion|https://www.facebook.com/groups/free.code.camp.asuncion/
Paraguay|none|Encarnacion|https://www.facebook.com/groups/free.code.camp.encarnacion/
Peru|none|Aichi|https://www.facebook.com/groups/free.code.camp.aichi/
Peru|none|Huancayo|https://www.facebook.com/groups/free.code.camp.huancayo
Peru|none|Lima|https://www.facebook.com/groups/Free.Code.Camp.Lima/
Philippines|none|Batangas|https://www.facebook.com/groups/free.code.camp.batangas/
Philippines|none|Bicol|https://www.facebook.com/groups/free.code.camp.Bicol/
Philippines|none|Cagayan de Oro|https://www.facebook.com/groups/free.code.camp.cagayandeoro.city/
Philippines|none|Cavite City|https://www.facebook.com/groups/free.code.camp.cavite.city/
Philippines|none|Cebu|https://www.facebook.com/groups/free.code.camp.cebu/
Philippines|none|Davao|https://www.facebook.com/groups/free.code.camp.davao/
Philippines|none|Makati|https://www.facebook.com/groups/free.code.camp.makati/
Philippines|none|Manila|https://www.facebook.com/groups/free.code.camp.manila/
Philippines|none|Quezon City|https://www.facebook.com/groups/free.code.camp.quezon.city/
Philippines|none|Surigao|https://www.facebook.com/groups/free.code.camp.surigao/
Poland|none|Bialystok|https://www.facebook.com/groups/free.code.camp.bialystok/
Poland|none|Bydgoszcz|https://www.facebook.com/groups/free.code.camp.bydgoszcz/
Poland|none|Gdańsk|https://www.facebook.com/groups/free.code.camp.trojmiasto/
Poland|none|Gdynia|https://www.facebook.com/groups/free.code.camp.gdynia/
Poland|none|Katowice|https://www.facebook.com/groups/free.code.camp.the.katowice/
Poland|none|Krakow|https://www.facebook.com/groups/free.code.camp.krakow/
Poland|none|Lodz|https://www.facebook.com/groups/free.code.camp.lodz/
Poland|none|Plock|https://www.facebook.com/groups/free.code.camp.plock/
Poland|none|Poznan|https://www.facebook.com/groups/free.code.camp.poznan/
Poland|none|Siedlce|https://www.facebook.com/groups/free.code.camp.siedlce/
Poland|none|Sopot|https://www.facebook.com/groups/free.code.camp.trojmiasto/
Poland|none|Szczecin|https://www.facebook.com/groups/free.code.camp.szczecin/
Poland|none|Warsaw|https://www.facebook.com/groups/free.code.camp.warsaw/
Poland|none|Wroclaw|https://www.facebook.com/groups/free.code.camp.wroclaw/
Portugal|none|Braga|https://www.facebook.com/groups/free.code.camp.braga/
Portugal|none|Lisbon|https://www.facebook.com/groups/free.code.camp.lisbon/
Portugal|none|Porto|https://www.facebook.com/groups/free.code.camp.porto/
Portugal|none|Viseu|https://www.facebook.com/groups/free.code.camp.viseu/
Puerto Rico|none|San Juan|https://www.facebook.com/groups/free.code.camp.sanjuan.pr/
Qatar|none|Doha|https://www.facebook.com/groups/free.code.camp.doha/
Romania|none|Bacau|https://www.facebook.com/groups/free.code.camp.bacau.romania/
Romania|none|Brasov|https://www.facebook.com/groups/free.code.camp.brasov
Romania|none|Bucharest|https://www.facebook.com/groups/free.code.camp.bucharest/
Romania|none|Buzau|https://www.facebook.com/groups/free.code.camp.buzau/
Romania|none|Cluj-Napoca|https://www.facebook.com/groups/free.code.camp.cluj
Romania|none|Constanta|https://www.facebook.com/groups/free.code.camp.constanta/
Romania|none|Craiova|https://www.facebook.com/groups/free.code.camp.crai0va/
Romania|none|Iasi|https://www.facebook.com/groups/free.code.camp.iasi.romania/
Romania|none|Oradea|https://www.facebook.com/groups/free.code.camp.oradea/
Romania|none|Pitesti|https://www.facebook.com/groups/free.code.camp.Pitesti/
Romania|none|Sibiu|https://www.facebook.com/groups/free.code.camp.sibiu/
Romania|none|Suceava|https://www.facebook.com/groups/free.code.camp.suceava/
Romania|none|Targu Mures|https://www.facebook.com/groups/free.code.camp.targu.mures/
Romania|none|Tecuci|https://www.facebook.com/groups/745118002278303/
Romania|none|Timisoara|https://www.facebook.com/groups/free.code.camp.timisoara/
Russia|none|Almetyevsk|https://www.facebook.com/groups/free.code.camp.almetyevsk/
Russia|none|Barnaul|https://www.facebook.com/groups/free.code.camp.barnaul/
Russia|none|Belgorod|https://www.facebook.com/groups/free.code.camp.belgorod/
Russia|none|Blagoveshchensk|https://www.facebook.com/groups/free.code.camp.blagoveshchensk.amur.region/
Russia|none|Cheljabinsk|https://www.facebook.com/groups/free.code.camp.cheljabinsk/
Russia|none|Cherepovets|https://www.facebook.com/groups/free.code.camp.cherepovets/
Russia|none|Irkutsk|https://www.facebook.com/groups/free.code.camp.irkutsk/
Russia|none|Kazan|https://www.facebook.com/groups/free.code.camp.kazan/
Russia|none|Khabarovsk|https://www.facebook.com/groups/free.code.camp.khabarovsk/
Russia|none|Kemerovo|https://www.facebook.com/groups/free.code.camp.kemerovo/
Russia|none|Kosovo|https://www.facebook.com/groups/free.code.camp.kosovo/
Russia|none|Krasnodar|https://www.facebook.com/groups/free.code.camp.krasnodar/
Russia|none|Moscow|https://www.facebook.com/groups/free.code.camp.moscow/
Russia|none|Nizhnevartovsk|https://www.facebook.com/groups/free.code.camp.nizhnevartovsk/
Russia|none|Omsk|https://www.facebook.com/groups/free.code.camp.omsk/
Russia|none|Orenburg|https://www.facebook.com/groups/free.code.camp.orenburg/
Russia|none|Pavlovo|https://www.facebook.com/groups/Free.Code.Camp.Pavlovo/
Russia|none|Perm|https://www.facebook.com/groups/free.code.camp.your.city.perm/
Russia|none|Rostovondon|https://www.facebook.com/groups/free.code.camp.rostovondon/
Russia|none|Saint Petersburg|https://www.facebook.com/groups/free.code.camp.saint.petersburg/
Russia|none|Samara|https://www.facebook.com/groups/free.code.camp.samara/
Russia|none|Saratov|https://www.facebook.com/groups/free.code.camp.saratov/
Russia|none|Tomsk|https://www.facebook.com/groups/free.code.camp.tomsk/
Russia|none|Tyumen|https://www.facebook.com/groups/free.code.camp.Tyumen/
Russia|none|Ufa|https://www.facebook.com/groups/free.code.camp.ufa/
Russia|none|Vladivostok|https://www.facebook.com/groups/free.code.camp.vladivostok/
Russia|none|Voronezh|https://www.facebook.com/groups/free.code.camp.voronezh/
Russia|none|Yaroslavl|https://www.facebook.com/groups/free.code.camp.yaroslavl/
Russia|none|Yekaterinburg|https://www.facebook.com/groups/free.code.camp.yekaterinburg
Rwanda|none|Kigali|https://www.facebook.com/groups/free.code.camp.kigali/
Saint Lucia|none|Castries|https://www.facebook.com/groups/free.code.camp.your.castries/
Salvador|none|San Salvador|https://www.facebook.com/groups/free.code.camp.san.salvador/
Saudi Arabia|none|Damman|https://www.facebook.com/groups/free.code.camp.dammam/
Saudi Arabia|none|Jeddah|https://www.facebook.com/groups/freecodecamp.jeddah/
Saudi Arabia|none|Riyadh|https://www.facebook.com/groups/free.code.camp.Riyadh/
Saudi Arabia|none|Women only group|https://www.facebook.com/groups/girlscodeksa/
Scotland|none|Dundee|https://www.facebook.com/groups/free.code.camp.dundee/
Scotland|none|Edinburgh|https://www.facebook.com/groups/free.code.camp.edinburgh/
Scotland|none|Glasgow|https://www.facebook.com/groups/free.code.camp.glasgow/
Senegal|none|Dakar|https://www.facebook.com/groups/free.code.camp.dakar.sn/
Serbia|none|Belgrade|https://www.facebook.com/groups/free.code.camp.belgrade/
Serbia|none|Krusevac|https://www.facebook.com/groups/free.code.camp.krusevac/
Serbia|none|Nis|https://www.facebook.com/groups/free.code.camp.nis/
Serbia|none|Novi Sad|https://www.facebook.com/groups/free.code.camp.novi.sad/
Serbia|none|Subotica|https://www.facebook.com/groups/free.code.camp.subotica/
Serbia|none|Vrsac|https://www.facebook.com/groups/free.code.camp.vrsac/
Seychelles|none|Victoria|https://www.facebook.com/groups/free.code.camp.victoria.bc/
Singapore|none|Singapore|https://www.facebook.com/groups/free.code.camp.singapore/
Slovakia|none|Bratislava|https://www.facebook.com/groups/free.code.camp.bratislava/
Slovakia|none|Kosice|https://www.facebook.com/groups/free.code.camp.kosice/
Slovenia|none|Ljubljana|https://www.facebook.com/groups/free.code.camp.ljubljana/
South Africa|none|Cape Town|https://www.facebook.com/groups/free.code.camp.cape.town/
South Africa|none|Durban|https://www.facebook.com/groups/free.code.camp.durban.kwazulu.natal/
South Africa|none|Johannesburg|https://www.facebook.com/groups/free.code.camp.johannesburg/
South Africa|none|Pretoria|https://www.facebook.com/groups/150891448624679/
South Africa|none|Randfontein|https://www.facebook.com/groups/free.code.camp.your.randfontein/
South Korea|none|Busan|https://www.facebook.com/groups/free.code.camp.busan/
South Korea|none|Daegu|https://www.facebook.com/groups/free.code.camp.your.daegu/
South Korea|none|Gwangju|https://www.facebook.com/groups/GwangjuCodeCano/
South Korea|none|Jeonju|https://www.facebook.com/groups/free.code.camp.jeonju/
South Korea|none|Seoul|https://www.facebook.com/groups/free.code.camp.seoul/
Spain|none|Almeria|https://www.facebook.com/groups/free.code.camp.almeria/
Spain|none|Barcelona|https://www.facebook.com/groups/free.code.camp.barcelona/
Spain|none|Caceres|https://www.facebook.com/groups/free.code.camp.caceres/
Spain|none|Cadiz|https://www.facebook.com/groups/free.code.camp.cadiz/
Spain|none|Ciudad Real|https://www.facebook.com/groups/free.code.camp.ciudad.real/
Spain|none|Gijon|https://www.facebook.com/groups/free.code.camp.gijon/
Spain|none|Fuengirola|https://www.facebook.com/groups/free.code.camp.fuengirola/
Spain|none|Jaén|https://www.facebook.com/groups/free.code.camp.jaen/
Spain|none|Madrid|https://www.facebook.com/groups/free.code.camp.madrid/
Spain|none|Málaga|https://www.facebook.com/groups/free.code.camp.malaga/
Spain|none|Murcia|https://www.facebook.com/groups/free.code.camp.murcia/
Spain|none|Ourense|https://www.facebook.com/groups/free.code.camp.ourense/
Spain|none|Rojales|https://www.facebook.com/groups/free.code.camp.rojales/
Spain|none|Salamanca|https://www.facebook.com/groups/free.code.camp.salamanca/
Spain|none|Santander|https://www.facebook.com/groups/free.code.camp.santander/
Spain|none|Sevilla|https://www.facebook.com/groups/free.code.camp.sevilla.spain/
Spain|none|Tarragona|https://www.facebook.com/groups/free.code.camp.tarragona/
Spain|none|Valencia|https://www.facebook.com/groups/free.code.camp.vlc/
Spain|none|Valladolid|https://www.facebook.com/groups/free.code.camp.valladolid.spain
Spain|none|Vitoria-Gasteiz|https://www.facebook.com/groups/free.code.camp.vitoria.gasteiz/
Spain|none|Zaragoza|https://www.facebook.com/groups/free.code.camp.zaragoza/
Sri Lanka|none|Batticaloa|https://www.facebook.com/groups/free.code.camp.batticaloa/
Sri Lanka|none|Colombo|https://www.facebook.com/groups/free.code.camp.colombo/
Sri Lanka|none|Jaffna|https://www.facebook.com/groups/free.code.camp.jaffna/
Sweden|none|Göteborg|https://www.facebook.com/groups/free.code.camp.goteborg/
Sweden|none|Lund|https://www.facebook.com/groups/free.code.camp.lund/
Sweden|none|Malmö|https://www.facebook.com/groups/free.code.camp.malmo/
Sweden|none|Stockholm|https://www.facebook.com/groups/free.code.camp.stockholm.sweden/
Switzerland|none|Basel|https://www.facebook.com/groups/free.code.camp.basel/
Switzerland|none|Geneva|https://www.facebook.com/groups/free.code.camp.geneva/
Switzerland|none|Morges|https://www.facebook.com/groups/free.code.camp.morges/
Switzerland|none|Saas-Fee|https://www.facebook.com/groups/free.code.camp.saas.fee
Switzerland|none|Ticino|https://www.facebook.com/groups/free.code.camp.ticino/
Switzerland|none|Zurich|https://www.facebook.com/groups/free.code.camp.zurich/
Syria|none|Damascus|https://www.facebook.com/groups/free.code.camp.your.damascus/
Syria|none|Homs|https://www.facebook.com/groups/free.code.camp.Homs/
Syria|none|Latakia|https://www.facebook.com/groups/free.code.camp.latakia/
Taiwan|none|Kaohsiung|https://www.facebook.com/groups/free.code.camp.kaohsiung/
Taiwan|none|Taichung|https://www.facebook.com/groups/free.code.camp.taichung.city/
Taiwan|none|Taipei|https://www.facebook.com/groups/free.code.camp.taipei/
Tanzania|none|Arusha|https://www.facebook.com/groups/Free.Code.Camp.Arusha.Moshi/
Tanzania|none|Dar-Es-Salaam|https://www.facebook.com/groups/free.code.camp.dar.es.salaam/
Thailand|none|Bangkok|https://www.facebook.com/groups/free.code.camp.bangkok/
Thailand|none|Chiang Mai|https://www.facebook.com/groups/free.code.camp.chiang.mai/
Trinidad and Tobago|none|Port of Spain|https://www.facebook.com/groups/free.code.camp.trinidad.and.tobago/
Tunisia|none|Tunis|https://www.facebook.com/groups/free.code.camp.tunis/
Turkey|none|Ankara|https://www.facebook.com/groups/free.code.camp.ankara/
Turkey|none|Antalya|https://www.facebook.com/groups/free.code.camp.antalya/
Turkey|none|Istanbul|https://www.facebook.com/groups/free.code.camp.istanbul/
Turkey|none|Izmir|https://www.facebook.com/groups/free.code.camp.izmir
Uganda|none|Kampala|https://www.facebook.com/groups/free.code.camp.kampala/
Ukraine|none|Alushta|https://www.facebook.com/groups/free.code.camp.alushta/
Ukraine|none|Cherkassy|https://www.facebook.com/groups/free.code.camp.cherkassy/
Ukraine|none|Chernivtsi|https://www.facebook.com/groups/free.code.camp.chernivtsi.chernivetska.oblast.u/
Ukraine|none|Dnipropetrovsk|https://www.facebook.com/groups/free.code.camp.dnipropetrovsk
Ukraine|none|Donetsk|https://www.facebook.com/groups/free.code.camp.donetsk/
Ukraine|none|Ivano Frankivsk|https://www.facebook.com/groups/free.code.camp.ivano.frankivsk/
Ukraine|none|Kerch|https://www.facebook.com/groups/free.code.camp.kerch/
Ukraine|none|Kharkiv|https://www.facebook.com/groups/free.code.camp.kharkiv/
Ukraine|none|Khmelnitsky|https://www.facebook.com/groups/free.code.camp.khmelnitsky
Ukraine|none|Kherson|https://www.facebook.com/groups/free.code.camp.kherson/
Ukraine|none|Kiev|https://www.facebook.com/groups/free.code.camp.kiev/
Ukraine|none|Kirovohrad|https://www.facebook.com/groups/free.code.camp.kirovohrad/
Ukraine|none|Kremenchuk|https://www.facebook.com/groups/free.code.camp.kremenchuk/
Ukraine|none|Kryvyi Rih|https://www.facebook.com/groups/free.code.camp.kryvyi.rih/
Ukraine|none|Lutsk|https://www.facebook.com/groups/free.code.camp.lutsk/
Ukraine|none|Lviv|https://www.facebook.com/groups/free.code.camp.lviv/
Ukraine|none|Mykolaiv|https://www.facebook.com/groups/free.code.camp.mykolaiv/
Ukraine|none|Odessa|https://www.facebook.com/groups/free.code.camp.your.city.odessa.ukraine/
Ukraine|none|Rivne|https://www.facebook.com/groups/free.code.camp.rivne/
Ukraine|none|Ternopil|https://www.facebook.com/groups/free.code.camp.Ternopil.Ukraine/
Ukraine|none|Vinnitsa|https://www.facebook.com/groups/free.code.camp.vinnitsa/
Ukraine|none|Zaporozhye|https://www.facebook.com/groups/free.code.camp.zaporozhye/
Ukraine|none|Zhytomyr|https://www.facebook.com/groups/free.code.camp.zhytomyr/
United Arab Emirates|none|Abu Dhabi|https://www.facebook.com/groups/free.code.camp.abu.dhabi/
United Arab Emirates|none|Dubai|https://www.facebook.com/groups/free.code.camp.dubai/
United States|Ambiguous|Hampton Roads|https://www.facebook.com/groups/free.code.camp.hamptonroads/
United States|Alabama|Birmingham|https://www.facebook.com/groups/free.code.camp.oxford.al/
United States|Alabama|Enterprise|https://www.facebook.com/groups/free.code.camp.enterprise.alabama/
United States|Alabama|Huntsville|https://www.facebook.com/groups/free.code.camp.huntsville.al/
United States|Alabama|Montgomery|https://www.facebook.com/groups/free.code.camp.montgomery.alabama/
United States|Alabama|Tuscaloosa|https://www.facebook.com/groups/free.code.camp.tuscaloosa/
United States|Alaska|Anchorage|https://www.facebook.com/groups/free.code.camp.anchorage/
United States|Alaska|Homer|https://www.facebook.com/groups/186447548384327/
United States|Alaska|Juneau|https://www.facebook.com/groups/free.code.camp.juneau/
United States|Arizona|Flagstaff|https://www.facebook.com/groups/free.code.camp.northern.arizona/
United States|Arizona|Maricopa|https://www.facebook.com/groups/free.code.camp.maricopa.arizona/
United States|Arizona|Phoenix|https://www.facebook.com/groups/free.code.camp.tempe.phoenix.scottsdale/
United States|Arizona|Prescott|https://www.facebook.com/groups/free.code.camp.northern.arizona/
United States|Arizona|Scottsdale|https://www.facebook.com/groups/free.code.camp.tempe.phoenix.scottsdale/
United States|Arizona|Sedona|https://www.facebook.com/groups/free.code.camp.northern.arizona/
United States|Arizona|Sierra Vista|https://www.facebook.com/groups/free.code.camp.sierra.vista/
United States|Arizona|Tempe|https://www.facebook.com/groups/free.code.camp.tempe.phoenix.scottsdale/
United States|Arizona|Tucson|https://www.facebook.com/groups/free.code.camp.tucson/
United States|Arizona|Verde Valley|https://www.facebook.com/groups/free.code.camp.northern.arizona/
United States|Arkansas|Fayetteville|https://www.facebook.com/groups/free.code.camp.fayetteville.arkansas/
United States|Arkansas|Jonesboro|https://www.facebook.com/groups/free.code.camp.jonesboro.ar/
United States|Arkansas|Little Rock|https://www.facebook.com/groups/free.code.camp.little.rock/
United States|California|Alameda|https://www.facebook.com/groups/free.code.camp.berkeley/
United States|California|Arcadia|https://www.facebook.com/groups/free.code.camp.arcadia
United States|California|Arcata|https://www.facebook.com/groups/free.code.camp.arcata.california/
United States|California|Bakersfield|https://www.facebook.com/groups/free.code.camp.bakersfield.california/
United States|California|Berkeley|https://www.facebook.com/groups/free.code.camp.berkeley/
United States|California|Cathedral City|https://www.facebook.com/groups/free.code.camp.cathedral.city/
United States|California|Covina|https://www.facebook.com/groups/Free.Code.Camp.Covina/
United States|California|Davis|https://www.facebook.com/groups/free.code.camp.davis/
United States|California|Diamon Bar|https://www.facebook.com/groups/Free.Code.Camp.Diamond.Bar/
United States|California|Emeryville|https://www.facebook.com/groups/free.code.camp.emeryville/
United States|California|Ensenada|https://www.facebook.com/groups/free.code.camp.ensenada/
United States|California|Fairfield|https://www.facebook.com/groups/free.code.camp.fairfield/
United States|California|Folsom|https://www.facebook.com/groups/free.code.camp.folsom
United States|California|Fremont|https://www.facebook.com/groups/free.code.camp.fremont/
United States|California|Fresno|https://www.facebook.com/groups/free.code.camp.fresno.ca/
United States|California|Gilroy|https://www.facebook.com/groups/free.code.come.gilroy/
United States|California|Glendora|https://www.facebook.com/groups/free.code.camp.Glendora.California/
United States|California|Joshua Tree|https://www.facebook.com/groups/free.code.camp.Joshua.Tree.Ca/
United States|California|Lake Forest|https://www.facebook.com/groups/free.code.camp.lake.forest.ca/
United States|California|Lindsay|https://www.facebook.com/groups/free.code.camp.lindsay/
United States|California|Long Beach|https://www.facebook.com/groups/fcc.long.beach.ca
United States|California|Los Angeles|https://www.facebook.com/groups/free.code.camp.los.angeles/
United States|California|Los Gatos|https://www.facebook.com/groups/free.code.camp.Los.Gatos.CA/
United States|California|Modesto|https://www.facebook.com/groups/free.code.camp.modesto/
United States|California|Moraga|https://www.facebook.com/groups/free.code.camp.moraga.ca/
United States|California|Mountain View|https://www.facebook.com/groups/free.code.camp.mountain.view/
United States|California|Napa|https://www.facebook.com/groups/free.code.camp.napa/
United States|California|Nevada County|https://www.facebook.com/groups/free.code.camp.nevada.county/
United States|California|Northridge|https://www.facebook.com/groups/free.code.camp.northridge/
United States|California|Novato|https://www.facebook.com/groups/free.code.camp.novato/
United States|California|Oakland|https://www.facebook.com/groups/free.code.camp.berkeley/
United States|California|Orange County|https://www.facebook.com/groups/free.code.camp.orange.county/
United States|California|Pasadena|https://www.facebook.com/groups/free.code.camp.pasadena.ca/
United States|California|Redwood city|https://www.facebook.com/groups/free.code.camp.redwood.city/
United States|California|Riverside|https://www.facebook.com/groups/free.code.camp.riverside.ca/
United States|California|Sacramento|https://www.facebook.com/groups/free.code.camp.sacramento/
United States|California|Salinas|https://www.facebook.com/groups/free.code.camp.salinas.valley/
United States|California|San Bernardino|https://www.facebook.com/groups/free.code.camp.san.bernardino/
United States|California|San Clemente|https://www.facebook.com/groups/free.code.camp.san.clemente.CA/
United States|California|San Diego|https://www.facebook.com/groups/free.code.camp.san.diego/
United States|California|San Francisco|https://www.facebook.com/groups/free.code.camp.san.francisco
United States|California|San Jose|https://www.facebook.com/groups/free.code.camp.san.jose
United States|California|San Luis Obispo|https://www.facebook.com/groups/free.code.camp.SLO/
United States|California|Santa Barbara|https://www.facebook.com/groups/free.code.camp.santa.barbara/
United States|California|Santa Clara|https://www.facebook.com/groups/free.code.camp.santa.clara/
United States|California|Santa Clarita|https://www.facebook.com/groups/free.code.camp.santa.clarita/
United States|California|Santa Cruz|https://www.facebook.com/groups/free.code.camp.santa.cruz.california/
United States|California|Santa Rosa|https://www.facebook.com/groups/free.code.camp.santa.rosa/
United States|California|South Los Angeles|https://www.facebook.com/groups/free.code.camp.southlosangeles/
United States|California|Temecula|https://www.facebook.com/groups/free.code.camp.temecula/
United States|California|Turlock|https://www.facebook.com/groups/free.code.camp.turlock/
United States|California|Tustin|https://www.facebook.com/groups/free.code.camp.tustin/
United States|California|Visalia|https://www.facebook.com/groups/free.code.camp.visalia/
United States|California|Yreka|http://www.facebook.com/groups/Free.Code.Camp.Yreka
United States|Colorado|Boulder|https://www.facebook.com/groups/free.code.camp.boulder/
United States|Colorado|Colorado Springs|https://www.facebook.com/groups/freecodecampcoloradosprings/
United States|Colorado|Denver|https://www.facebook.com/groups/free.code.camp.denver/
United States|Colorado|Fort Collins|https://www.facebook.com/groups/free.code.camp.fort.collins/
United States|Colorado|Montrose|https://www.facebook.com/groups/free.code.camp.montrose.co/
United States|Colorado|Pueblo|https://www.facebook.com/groups/free.code.camp.pueblo/
United States|Connecticut|Bridgeport|https://www.facebook.com/groups/freecodecampbridgeport/
United States|Connecticut|Hartford|https://www.facebook.com/groups/free.code.camp.hartford.connecticut/
United States|Connecticut|New Haven|https://www.facebook.com/groups/free.code.camp.new.haven/
United States|Connecticut|Shelton|https://www.facebook.com/groups/free.code.camp.shelton.ct/
United States|Connecticut|Stamford|https://www.facebook.com/groups/free.code.camp.stamford/
United States|Delaware|Lewes|https://www.facebook.com/groups/free.code.camp.lewes/
United States|Delaware|Wilmington|https://www.facebook.com/groups/fcc.wilmington.delaware/
United States|District of Columbia|Washington, D.C.|https://www.facebook.com/groups/free.code.camp.washington.dc/
United States|Florida|Bonita Springs|https://www.facebook.com/groups/free.code.camp.Bonita.Springs/
United States|Florida|Brooksville|https://www.facebook.com/groups/free.code.camp.brooksville.florida/
United States|Florida|Fort Lauderdale|https://www.facebook.com/groups/free.code.camp.ftlauderdale/
United States|Florida|Gainesville|https://www.facebook.com/groups/free.code.camp.gainesville.fla/
United States|Florida|Jacksonville|https://www.facebook.com/groups/free.code.camp.jacksonville/
United States|Florida|Lakeland|https://www.facebook.com/groups/Free.Code.Camp.Lakeland.Florida/
United States|Florida|Miami|https://www.facebook.com/groups/free.code.camp.miami/
United States|Florida|Okeechobe|https://www.facebook.com/groups/free.code.camp.okeechobee/
United States|Florida|Orlando|https://www.facebook.com/groups/free.code.camp.orlando/
United States|Florida|Panama City|https://www.facebook.com/groups/free.code.camp.panama.city.florida/
United States|Florida|Pensacola|https://www.facebook.com/groups/free.code.camp.pensacola/
United States|Florida|Tallahassee|https://www.facebook.com/groups/free.code.camp.tallahassee.florida/
United States|Florida|Tampa Bay|https://www.facebook.com/groups/free.code.camp.tampa/
United States|Florida|Sarasota|https://www.facebook.com/groups/free.code.camp.sarasota.florida/
United States|Florida|Vero Beach|https://www.facebook.com/groups/free.code.camp.vero.beach/
United States|Florida|West Palm Beach|https://www.facebook.com/groups/free.code.camp.wpb/
United States|Georgia|Acworth|https://www.facebook.com/groups/free.code.camp.acworth.ga/
United States|Georgia|Albany|https://www.facebook.com/groups/1672818199656454/
United States|Georgia|Atlanta|https://www.facebook.com/groups/free.code.camp.atlanta/
United States|Georgia|Augusta|https://www.facebook.com/groups/free.code.camp.augusta.ga/
United States|Georgia|Cochran|https://www.facebook.com/groups/free.code.camp.cochran.ga/
United States|Georgia|Columbus|https://www.facebook.com/groups/free.code.camp.columbus.georgia/
United States|Georgia|Macon|https://www.facebook.com/groups/703656036438040
United States|Georgia|Savannah|https://www.facebook.com/groups/free.code.camp.savannah/
United States|Georgia|South Atlanta suburbs|https://www.facebook.com/groups/free.code.camp.south.atlanta.suburbs/
United States|Georgia|Valdosta|https://www.facebook.com/groups/free.code.camp.valdosta/
United States|Hawaii|Honolulu|https://www.facebook.com/groups/free.code.camp.honolulu.hawaii/
United States|Hawaii|Oahu|https://www.facebook.com/groups/free.code.camp.oahu.hawaii/
United States|Idaho|Boise|https://www.facebook.com/groups/free.code.camp.boise
United States|Idaho|Idaho Falls|https://www.facebook.com/groups/free.code.camp.idaho.falls.idaho/
United States|Idaho|Moscow|https://www.facebook.com/groups/free.code.camp.moscow.idaho/
United States|Idaho|Pocatello|https://www.facebook.com/groups/free.code.camp.pocatello.idaho/
United States|Idaho|Twin Falls|https://www.facebook.com/groups/free.code.camp.twin.falls/
United States|Illinois|Bloomington-Normal|https://www.facebook.com/groups/free.code.camp.bloomington.normal/
United States|Illinois|Centralia|https://www.facebook.com/groups/free.code.camp.centralia/
United States|Illinois|Champaign-Urbana|https://www.facebook.com/groups/free.code.camp.champaign.urbana/
United States|Illinois|Chicago|https://www.facebook.com/groups/free.code.camp.chicago/
United States|Illinois|Macomb|https://www.facebook.com/groups/free.code.camp.macomb.il/
United States|Illinois|Naperville|https://www.facebook.com/groups/free.code.camp.naperville
United States|Illinois|Peoria|https://www.facebook.com/groups/free.code.camp.Peoria/
United States|Illinois|Sterling|https://www.facebook.com/groups/free.code.camp.Sterling.IL/
United States|Illinois|Quad Cities|https://www.facebook.com/groups/free.code.camp.quadcities/
United States|Illinois|Washington|https://www.facebook.com/groups/free.code.camp.Peoria/
United States|Indiana|Bloomington|https://www.facebook.com/groups/free.code.camp.bloomington.in/
United States|Indiana|Carmel|https://www.facebook.com/groups/free.code.camp.carmel.indiana/
United States|Indiana|Evansville|https://www.facebook.com/groups/free.code.camp.evansville.in/
United States|Indiana|Fort Wayne|https://www.facebook.com/groups/free.code.camp.fort.wayne.in/
United States|Indiana|Indianapolis|https://www.facebook.com/groups/free.code.camp.indianapolis.in/
United States|Indiana|South Bend|https://www.facebook.com/groups/free.code.camp.south.bend/
United States|Iowa|Ames|https://www.facebook.com/groups/free.code.camp.ames.iowa/
United States|Iowa|Cedar Rapids|https://www.facebook.com/groups/free.code.camp.cedar.rapids/
United States|Iowa|Des Moines|https://www.facebook.com/groups/free.code.camp.des.moines/
United States|Iowa|Fort Dodge|https://www.facebook.com/groups/free.code.camp.fort.dodge.iowa/
United States|Iowa|Sioux City|https://www.facebook.com/groups/free.code.camp.sioux.city/
United States|Kansas|Coldwater|https://www.facebook.com/groups/free.code.camp.coldwater.ks/
United States|Kansas|Kansas City|https://www.facebook.com/groups/free.code.camp.kansascity/
United States|Kansas|Lawrence|https://www.facebook.com/groups/free.code.camp.lawrence
United States|Kansas|Wichita|https://www.facebook.com/groups/free.code.camp.wichita/
United States|Kentucky|Berea|https://www.facebook.com/groups/free.code.camp.berea.kentucky/
United States|Kentucky|Bowling Green|https://www.facebook.com/groups/free.code.camp.BG.kentucky/
United States|Kentucky|Frankfort|https://www.facebook.com/groups/free.code.camp.frankfort.kentucky/
United States|Kentucky|Lexington|https://www.facebook.com/groups/free.code.camp.lexington/
United States|Kentucky|Louisville|https://www.facebook.com/groups/free.code.camp.louisville/
United States|Kentucky|Manchester|https://www.facebook.com/groups/free.code.camp.manchester.kentucky/
United States|Kentucky|Paducah|https://www.facebook.com/groups/free.code.camp.paducah/
United States|Louisiana|Baton Rouge|https://www.facebook.com/groups/free.code.camp.baton.rouge.louisiana/
United States|Louisiana|Lafayette|https://www.facebook.com/groups/free.code.camp.lafayette/
United States|Louisiana|Leesville|https://www.facebook.com/groups/free.code.camp.leesville.la/
United States|Louisiana|Mandeville|https://www.facebook.com/groups/free.code.camp.mandeville/
United States|Louisiana|Metairie|https://www.facebook.com/groups/free.code.camp.metairie.la/
United States|Louisiana|Morgan City|https://www.facebook.com/groups/free.code.camp.morgan.ciry.la/
United States|Louisiana|New Orleans|https://www.facebook.com/groups/free.code.camp.neworleans/
United States|Maine|Auburn|https://www.facebook.com/groups/free.code.camp.auburn.maine/
United States|Maine|Augusta|https://www.facebook.com/groups/free.code.camp.augusta/
United States|Maine|Rockland|https://www.facebook.com/groups/435736603276121/
United States|Maryland|Baltimore|https://www.facebook.com/groups/free.code.camp.baltimore/
United States|Maryland|Columbia|https://www.facebook.com/groups/190253084650546/
United States|Maryland|Frederick|https://www.facebook.com/groups/free.code.camp.frederick.md
United States|Maryland|Germantown|https://www.facebook.com/groups/free.code.camp.germantown.maryland/
United States|Maryland|Hagerstown|https://www.facebook.com/groups/free.code.camp.hagerstown/
United States|Maryland|Salisbury|https://www.facebook.com/groups/free.code.camp.salisbury.maryland/
United States|Maryland|Silver Spring|https://www.facebook.com/groups/free.code.camp.silverspring/
United States|Massachusetts|Boston|https://www.facebook.com/groups/free.code.camp.boston/
United States|Massachusetts|Cape Cod|https://www.facebook.com/groups/free.code.camp.cape.cod/
United States|Massachusetts|Lexington|https://www.facebook.com/groups/free.code.camp.lexington.ma/
United States|Massachusetts|Northampton|https://www.facebook.com/groups/free.code.camp.northampton.mass/
United States|Massachusetts|Pepperell|https://www.facebook.com/groups/free.code.camp.pepperell.ma/
United States|Michigan|Ann Arbor|https://www.facebook.com/groups/free.code.camp.ann.arbor/
United States|Michigan|Big Rapids|https://www.facebook.com/groups/free.code.camp.bigrapids/
United States|Michigan|Detroit|https://www.facebook.com/groups/free.code.camp.detroit/
United States|Michigan|Fenton|https://www.facebook.com/groups/free.code.camp.fenton.mi/
United States|Michigan|Flint|https://www.facebook.com/groups/free.code.camp.flint/
United States|Michigan|Grand Rapids|https://www.facebook.com/groups/free.code.camp.grand.rapids/
United States|Michigan|Jackson|https://www.facebook.com/groups/free.code.camp.jackson.mi
United States|Michigan|Kalamazoo|https://www.facebook.com/groups/free.code.camp.kalamazoo/
United States|Michigan|Lansing|https://www.facebook.com/groups/free.code.camp.lansing/
United States|Michigan|Milford|https://www.facebook.com/groups/free.code.camp.milford.michigan/
United States|Michigan|Muskegon|https://www.facebook.com/groups/free.code.camp.muskegon/
United States|Michigan|Tri-cities|https://www.facebook.com/groups/free.code.camp.bay.city/
United States|Michigan|University Center|https://www.facebook.com/groups/free.code.camp.university.center/
United States|Minnesota|Coattage Grove|https://www.facebook.com/groups/free.code.camp.cottagegrove/
United States|Minnesota|Duluth|https://www.facebook.com/groups/free.code.camp.duluth/
United States|Minnesota|Minneapolis|https://www.facebook.com/groups/free.code.camp.minneapolis/
United States|Minnesota|Owatonna|https://www.facebook.com/groups/free.code.camp.owatonna/
United States|Minnesota|Rochester|https://www.facebook.com/groups/250314195300021/
United States|Minnesota|Saint Cloud|https://www.facebook.com/groups/free.code.camp.stcloud/
United States|Minnesota|Saint Paul|https://www.facebook.com/groups/free.code.camp.saint.paul.mn/
United States|Mississippi|Central Mississippi|https://www.facebook.com/groups/free.code.camp.central.mississippi/
United States|Mississippi|Jackson|https://www.facebook.com/groups/free.code.camp.jackson.ms
United States|Mississippi|Mississippi Gulf Coast|https://www.facebook.com/groups/free.code.camp.msgulfcoast/
United States|Mississippi|Moss Point|https://www.facebook.com/groups/free.code.camp.moss.point.mississippi/
United States|Mississippi|North Mississippi|https://www.facebook.com/groups/free.code.camp.north.mississippi/
United States|Mississippi|Palisades Park|https://www.facebook.com/groups/free.code.camp.palisadespark/
United States|Mississippi|Tupelo|https://www.facebook.com/groups/148780962143254/
United States|Missouri|Columbia|https://www.facebook.com/groups/free.code.camp.columbia.missouri/
United States|Missouri|Independence|https://www.facebook.com/groups/free.code.camp.independence.mo/
United States|Missouri|Maryville|https://www.facebook.com/groups/free.code.camp.maryville.missouri/
United States|Missouri|Saint Louis|https://www.facebook.com/groups/free.code.camp.saint.louis/
United States|Missouri|Springfield|https://www.facebook.com/groups/free.code.camp.springfield.missouri/
United States|Missouri|West Plains|https://www.facebook.com/groups/free.code.camp.west.plains.missouri/
United States|Montana|Bozeman|https://www.facebook.com/groups/free.code.camp.bozeman/
United States|Montana|Butte|https://www.facebook.com/groups/free.code.camp.butte.montana/
United States|Montana|Missoula|https://www.facebook.com/groups/free.code.camp.missoula/
United States|Nebraska|Lincoln|https://www.facebook.com/groups/free.code.camp.lincoln/
United States|Nebraska|North Platte|https://www.facebook.com/groups/free.code.camp.north.platte/
United States|Nebraska|Omaha|https://www.facebook.com/groups/free.code.camp.omaha/
United States|Nevada|Las Vegas|https://www.facebook.com/groups/free.code.camp.las.vegas.nv/
United States|Nevada|Reno|https://www.facebook.com/groups/free.code.camp.reno/
United States|New Hampshire|Derry|https://www.facebook.com/groups/free.code.camp.derry.nh/
United States|New Hampshire|Franklin|https://www.facebook.com/groups/freecode.camp.franklin/
United States|New Hampshire|Lebanon|https://www.facebook.com/groups/free.code.camp.lebanon.nh
United States|New Hampshire|Manchester|https://www.facebook.com/groups/free.code.camp.manchester.new.hampshire/
United States|New Hampshire|Rochester|https://www.facebook.com/groups/free.code.camp.rochester.new.hampshire/
United States|New Jersey|Atlantic City|https://www.facebook.com/groups/free.code.camp.atlantic.city/
United States|New Jersey|Bordentown|https://www.facebook.com/groups/free.code.camp.bordentown/
United States|New Jersey|Clifton|https://www.facebook.com/groups/free.code.camp.clifton.nj/
United States|New Jersey|Freehold|https://www.facebook.com/groups/free.code.camp.freehold/
United States|New Jersey|Jersey City|https://www.facebook.com/groups/free.code.camp.jersey.city.new.jersey/
United States|New Jersey|New Brunswick|https://www.facebook.com/groups/free.code.camp.new.brunswick.new.jersey/
United States|New Jersey|Newark|https://www.facebook.com/groups/free.code.camp.newark/
United States|New Jersey|Oradell|https://www.facebook.com/groups/free.code.camp.oradell/
United States|New Jersey|Toms River|https://www.facebook.com/groups/free.code.camp.toms.river/
United States|New Jersey|West Orange|https://www.facebook.com/groups/free.code.camp.west.orange/
United States|New Mexico|Albuquerque|https://www.facebook.com/groups/free.code.camp.albuquerque/
United States|New Mexico|Los Alamos|https://www.facebook.com/groups/free.code.camp.los.alamos.nm/
United States|New Mexico|Las Cruces|https://www.facebook.com/groups/free.code.camp.lc.nm/
United States|New York|Albany|https://www.facebook.com/groups/free.code.camp.albany.ny/
United States|New York|Binghampton|https://www.facebook.com/groups/free.code.camp.binghamton.ny/
United States|New York|Buffalo|https://www.facebook.com/groups/free.code.camp.buffalo/
United States|New York|Coram|https://www.facebook.com/groups/free.code.camp.coram.ny/
United States|New York|Ithaca|https://www.facebook.com/groups/free.code.camp.ithaca/
United States|New York|New Paltz|https://www.facebook.com/groups/free.code.camp.new.paltz/
United States|New York|New York City|https://www.facebook.com/groups/free.code.camp.new.york.city/
United States|New York|Rochester|https://www.facebook.com/groups/free.code.camp.Rochester.New.York/
United States|New York|Syracuse|https://www.facebook.com/groups/free.code.camp.syracuse/
United States|New York|Queens|https://www.facebook.com/groups/free.code.camp.queens.ny/
United States|North Carolina|Asheville|https://www.facebook.com/groups/free.code.camp.asheville/
United States|North Carolina|Charlotte|https://www.facebook.com/groups/free.code.camp.charlotte.nc/
United States|North Carolina|Durham|https://www.facebook.com/groups/free.code.camp.durham/
United States|North Carolina|Fayetteville|https://www.facebook.com/groups/freecodecampfayettevilleNC/
United States|North Carolina|Greenville|https://www.facebook.com/groups/free.code.camp.greenville.nc/
United States|North Carolina|Hickory|https://www.facebook.com/groups/free.code.camp.hickory.nc
United States|North Carolina|Jacksonville|https://www.facebook.com/groups/free.code.camp.jacksonville.nc/
United States|North Carolina|Raleigh|https://www.facebook.com/groups/free.code.camp.raleigh/
United States|North Carolina|Research Triangle Park|https://www.facebook.com/groups/free.code.camp.rtp
United States|North Carolina|Wake Forest|https://www.facebook.com/groups/free.code.camp.wake.forest
United States|North Carolina|Wilmington|https://www.facebook.com/groups/free.code.camp.wilmington.nc/
United States|North Carolina|Winston Salem|https://www.facebook.com/groups/Free.Code.Camp.Winston.Salem/
United States|North Carolina|Greensboro|https://www.facebook.com/groups/freecodecampgreensboro/
United States|North Dakota|Bismarck|https://www.facebook.com/groups/free.code.camp.bismarck.north.dakota/
United States|North Dakota|Fargo|https://www.facebook.com/groups/free.code.camp.fargo/
United States|North Dakota|Grand Forks|https://www.facebook.com/groups/free.code.camp.grand.forks/
United States|Ohio|Akron|https://www.facebook.com/groups/free.code.camp.akron
United States|Ohio|Athens|https://www.facebook.com/groups/free.code.camp.athens.ohio/
United States|Ohio|Cincinnati|https://www.facebook.com/groups/free.code.camp.cincinnati/
United States|Ohio|Cleveland|https://www.facebook.com/groups/free.code.camp.cleveland/
United States|Ohio|Columbus|https://www.facebook.com/groups/free.code.camp.columbus/
United States|Ohio|Dayton|https://www.facebook.com/groups/free.code.camp.dayton.ohio/
United States|Ohio|Mansfield|https://www.facebook.com/groups/free.code.camp.mansfield/
United States|Ohio|Toledo|https://www.facebook.com/groups/free.code.camp.toledo/
United States|Ohio|Youngstown|https://www.facebook.com/groups/free.code.camp.youngstown/
United States|Oklahoma|Oklahoma City|https://www.facebook.com/groups/free.code.camp.oklahoma.city/
United States|Oklahoma|Tulsa|https://www.facebook.com/groups/free.code.camp.tulsa/
United States|Oregon|Corvallis|https://www.facebook.com/groups/free.code.camp.corvallis/
United States|Oregon|Eugene|https://www.facebook.com/groups/free.code.camp.eugene/
United States|Oregon|Medford|https://www.facebook.com/groups/free.code.camp.medford.oregon/
United States|Oregon|Newport|https://www.facebook.com/groups/free.code.camp.newport.or/
United States|Oregon|Portland|https://www.facebook.com/groups/free.code.camp.portland/
United States|Oregon|Redmond|https://www.facebook.com/groups/free.code.camp.remond.oregon/
United States|Pennsylvania|Bethlehem|https://www.facebook.com/groups/216683128680444/
United States|Pennsylvania|Bushkill|https://www.facebook.com/groups/Free.Code.Camp.Bushkill.PA/
United States|Pennsylvania|Harrisburg|https://www.facebook.com/groups/free.code.camp.harrisburg.pa/
United States|Pennsylvania|Kutztown|https://www.facebook.com/groups/free.code.camp.Kutztown/
United States|Pennsylvania|Lehighton|https://www.facebook.com/groups/free.code.camp.lehighton.pa/
United States|Pennsylvania|Philadelphia|https://www.facebook.com/groups/free.code.camp.philadelphia/
United States|Pennsylvania|Pittsburgh|https://www.facebook.com/groups/free.code.camp.pittsburgh.pa/
United States|Pennsylvania|Wilkes-Barre|https://www.facebook.com/groups/free.code.camp.wilkesbarre/
United States|Rhode Island|Providence|https://www.facebook.com/groups/free.code.camp.providence/
United States|South Carolina|Charleston|https://www.facebook.com/groups/free.code.camp.Charleston/
United States|South Carolina|Columbia|https://www.facebook.com/groups/free.code.camp.columbia.sc/
United States|South Carolina|Mount Pleasant|https://www.facebook.com/groups/free.code.camp.mt.pleasant/
United States|South Carolina|Spartanburg|https://www.facebook.com/groups/free.code.camp.spartanburg/
United States|South Carolina|Greenville|https://www.facebook.com/groups/free.code.camp.Greenville/
United States|South Dakota|Sioux Falls|https://www.facebook.com/groups/free.code.camp.sioux.falls/
United States|Tennessee|Chattanooga|https://www.facebook.com/groups/free.code.camp.chattanooga/
United States|Tennessee|Clarksville|https://www.facebook.com/groups/free.code.camp.clarksville.TN/
United States|Tennessee|Knoxville|https://www.facebook.com/groups/free.code.camp.knoxville.tn/
United States|Tennessee|Memphis|https://www.facebook.com/groups/free.code.camp.Memphis/
United States|Tennessee|Nashville|https://www.facebook.com/groups/free.code.camp.nashville/
United States|Texas|Abilene|https://www.facebook.com/groups/free.code.camp.abilene/
United States|Texas|Amarillo|https://www.facebook.com/groups/freecodecampamarillotexas/
United States|Texas|Austin|https://www.facebook.com/groups/free.code.camp.austin/
United States|Texas|Bryan College Station|https://www.facebook.com/groups/free.code.camp.bryan.college.station/
United States|Texas|Dallas|https://www.facebook.com/groups/free.code.camp.dallas/
United States|Texas|El Paso|https://www.facebook.com/groups/free.code.camp.el.paso
United States|Texas|Fort Worth|https://www.facebook.com/groups/freecodecampfortworth/
United States|Texas|Galveston|https://www.facebook.com/groups/free.code.camp.galveston/
United States|Texas|Houston|https://www.facebook.com/groups/free.code.camp.houston/
United States|Texas|Kerrville|https://www.facebook.com/groups/free.code.camp.kerrville/
United States|Texas|Killeen|https://www.facebook.com/groups/free.code.camp.killeen.texas/
United States|Texas|Longview|https://www.facebook.com/groups/free.code.camp.tyler.longview.texas/
United States|Texas|Lubbock|https://www.facebook.com/groups/free.code.camp.lubbock/
United States|Texas|Mission|https://www.facebook.com/groups/free.code.camp.mission.texas/
United States|Texas|San Antonio|https://www.facebook.com/groups/free.code.camp.san.antonio
United States|Texas|Tyler|https://www.facebook.com/groups/free.code.camp.Tyler.TX/
United States|Texas|Waco|https://www.facebook.com/groups/free.code.camp.waco.tx/
United States|Utah|Lehi|https://www.facebook.com/groups/free.code.camp.lehi/
United States|Utah|Logan|https://www.facebook.com/groups/free.code.camp.logan.utah/
United States|Utah|Provo|https://www.facebook.com/groups/free.code.camp.provo/
United States|Utah|Salt Lake City|https://www.facebook.com/groups/free.code.camp.salt.lake.city/
United States|Vermont|Burlington|https://www.facebook.com/groups/1080815058603708/
United States|Virginia|Arlington|https://www.facebook.com/groups/free.code.camp.arlington.va/
United States|Virginia|Charlottesville|https://www.facebook.com/groups/free.code.camp.charlottesville/
United States|Virginia|Fairfax|https://www.facebook.com/groups/free.code.camp.fairfax/
United States|Virginia|Farmville |https://www.facebook.com/groups/free.code.camp.farmville.va/
United States|Virginia|Floyd|https://www.facebook.com/groups/free.code.camp.floyd.virginia/
United States|Virginia|Fredericksburg|https://www.facebook.com/groups/free.code.camp.fredericksburg/
United States|Virginia|Leesburg|https://www.facebook.com/groups/free.code.camp.leesburg/
United States|Virginia|Lynchburg|https://www.facebook.com/groups/free.code.camp.LYH/
United States|Virginia|Manassas|https://www.facebook.com/groups/free.code.camp.manassas/
United States|Virginia|Norfolk|https://www.facebook.com/groups/free.code.camp.norfolk
United States|Virginia|Petersburg|https://www.facebook.com/groups/free.code.camp.petersburg.va/
United States|Virginia|Richmond|https://www.facebook.com/groups/free.code.camp.richmond.va/
United States|Virginia|Roanoke|https://www.facebook.com/groups/free.code.camp.roanoke.va/
United States|Virginia|Virginia Beach|https://www.facebook.com/groups/free.code.camp.virginia.beach/
United States|Washington|Anacortes|https://www.facebook.com/groups/free.code.camp.anacortes/
United States|Washington|Bellevue|https://www.facebook.com/groups/free.code.camp.bellevue/
United States|Washington|Centralia|https://www.facebook.com/groups/free.code.camp.centralia/
United States|Washington|Lake Stevens|https://www.facebook.com/groups/free.code.camp.Lake.Stevens.WA/
United States|Washington|Lakewood|https://www.facebook.com/groups/free.code.camp.lakewood/
United States|Washington|National Harbor|https://www.facebook.com/groups/free.code.camp.national.harbor/
United States|Washington|Olympia|https://www.facebook.com/groups/free.code.camp.olympia/
United States|Washington|Port Angeles|https://www.facebook.com/groups/free.code.camp.port.angeles/
United States|Washington|Port Orchard|https://www.facebook.com/groups/free.code.camp.port.orchard/
United States|Washington|Redmond|https://www.facebook.com/groups/free.code.camp.redmond.wa/
United States|Washington|Seattle|https://www.facebook.com/groups/free.code.camp.seattle/
United States|Washington|Shelton|https://www.facebook.com/groups/free.code.camp.shelton/
United States|Washington|Spokane|https://www.facebook.com/groups/free.code.camp.spokane/
United States|Washington|Tacoma|https://www.facebook.com/groups/free.code.camp.tacoma/
United States|Washington|Tri-Cities|https://www.facebook.com/groups/free.code.camp.tricitieswa/
United States|Washington|Yakima|https://www.facebook.com/groups/free.code.camp.yakima.wa/
United States|West Virginia|Charleston|https://www.facebook.com/groups/free.code.camp.charleston.wv
United States|West Virginia|Morgantown|https://www.facebook.com/groups/free.code.camp.morgantown/
United States|Wisconsin|Appleton|https://www.facebook.com/groups/free.code.camp.appleton/
United States|Wisconsin|La Crosse|https://www.facebook.com/groups/free.code.camp.la.crosse
United States|Wisconsin|Madison|https://www.facebook.com/groups/free.code.camp.madison.wisconsin/
United States|Wisconsin|Milwaukee|https://www.facebook.com/groups/free.code.camp.milwaukee/
United States|Wisconsin|Rice Lake|https://www.facebook.com/groups/free.code.camp.rice.lake.wi/
United States|Wyoming|Sheridan|https://www.facebook.com/groups/free.code.camp.sheridan/
Uruguay|none|Montevideo|https://www.facebook.com/groups/free.code.camp.montevideo/
Uruguay|none|Paysandú|https://www.facebook.com/groups/free.code.camp.paysandu/
Uzbekistan|none|Tashkent|https://www.facebook.com/groups/free.code.camp.tashkent/
Venezuela|none|Acarigua|https://www.facebook.com/groups/free.code.camp.acarigua/
Venezuela|none|Barquisimeto|https://www.facebook.com/groups/free.code.camp.barquisimeto/
Venezuela|none|Caracas|https://www.facebook.com/groups/free.code.camp.caracas/
Venezuela|none|Coro|https://www.facebook.com/groups/free.code.camp.coro
Venezuela|none|Guacara|https://www.facebook.com/groups/free.code.camp.guacara/
Venezuela|none|Maturin|https://www.facebook.com/free.code.camp.maturin/
Venezuela|none|Merida|https://www.facebook.com/groups/free.code.camp.merida.venezuela/
Venezuela|none|Valencia|https://www.facebook.com/groups/free.code.camp.valencia.venezuela/
Venezuela|none|Valle de La Pascua|https://www.facebook.com/groups/free.code.camp.vlp/
Vietnam|none|Da Nang|https://www.facebook.com/groups/free.code.camp.your.Da.Nang/
Vietnam|none|Hanoi|https://www.facebook.com/groups/free.code.camp.hanoi/
Vietnam|none|Ho Chi Minh City|https://www.facebook.com/groups/free.code.camp.hochiminhcity/
Vietnam|none|Hue|https://www.facebook.com/groups/free.code.camp.hue/
Wales|none|Bangor|https://www.facebook.com/groups/free.code.camp.wales.bangor/
Wales|none|Cardiff|https://www.facebook.com/groups/free.code.camp.cardiff/
Zambia|none|Lukasa|https://www.facebook.com/groups/free.code.camp.lusaka/
Zimbabwe|none|Harare|https://www.facebook.com/groups/free.code.camp.harare/
